c_b_x,c_b_y,ang_b
0.294476597682627,-0.178224047760287,2.72315488458077
0.294470190910557,-0.178200187952075,2.72387795013919
0.294467311916967,-0.178200537445533,2.72381417515553
0.294465737106732,-0.178204216656552,2.72327255067372
0.294459736343823,-0.178201695059372,2.72348014225892
0.294463325524192,-0.178201222754344,2.72356110806504
0.294458057864851,-0.178199087788115,2.72351389538838
0.294458676204276,-0.178196544463763,2.72366349092728
0.294459116950861,-0.178196234472465,2.72333070807578
0.294466036467931,-0.178191915365588,2.72432557573497
0.294464375451435,-0.178193564886586,2.72403639595300
0.294462624140593,-0.178186475099644,2.72412675629965
0.294464452581028,-0.178186625730048,2.72393955405691
0.294464381861975,-0.178186595994786,2.72403528791399
0.294461521150281,-0.178181357729800,2.72391645902190
0.294456058668215,-0.178180466481044,2.72413086527361
0.294464787410524,-0.178170695965002,2.72466583278895
0.294461477011612,-0.178172817042623,2.72462094338739
0.294461516263630,-0.178189071905448,2.72388837578605
0.294462999991349,-0.178176897591647,2.72439153900852
0.294467097306921,-0.178186917855883,2.72438353020273
0.294468163456374,-0.178178141308998,2.72423684096348
0.294468156135110,-0.178190822229934,2.72428805984727
0.294479506819841,-0.178183358783213,2.72458232120510
0.294480469080887,-0.178195707599919,2.72433275162369
0.294475947882398,-0.178202263881790,2.72368359602862
0.294475822494684,-0.178199918920298,2.72373412151816
0.294477004229034,-0.178204422754726,2.72361738236093
0.294475055563606,-0.178202955843067,2.72395449763314
0.294477410388996,-0.178197984472880,2.72419032854135
0.294479234834858,-0.178205360710896,2.72393292910606
0.294486565171437,-0.178200727533717,2.72404629149820
0.294475964981761,-0.178199373934142,2.72379714985954
0.294484959666200,-0.178192933859698,2.72432391999030
0.294484056485055,-0.178199671852558,2.72369128459306
0.294478132198258,-0.178193492439468,2.72406536642036
0.294478268453078,-0.178194154632904,2.72404178001743
0.294479715935804,-0.178183304090637,2.72449230705107
0.294485018446653,-0.178185535130741,2.72439716647816
0.294473601493276,-0.178176146270298,2.72405673827299
0.294469012976562,-0.178177028097621,2.72429527300749
0.294472930702158,-0.178176739295397,2.72480555379544
0.294475276449804,-0.178173165791502,2.72455561275263
0.294471497908456,-0.178169687889610,2.72427338572692
0.294463765511085,-0.178181370610922,2.72422944073062
0.294467309466436,-0.178179185693219,2.72437671551149
0.294465406396102,-0.178186038399469,2.72397916963624
0.294464173362010,-0.178180047349935,2.72419260938566
0.294467161083429,-0.178194564050760,2.72367554330620
0.294473270856021,-0.178182853219144,2.72457173608181
0.294467922487658,-0.178189922628166,2.72424085842005
0.294471321455513,-0.178188540457706,2.72435411574796
0.294469437965841,-0.178198513159432,2.72389129808458
0.294465372161040,-0.178199464844447,2.72345236780010
0.294466597719999,-0.178205425189488,2.72324019569449
0.294479426191611,-0.178211309849326,2.72372053125659
0.294481786892387,-0.178204879202503,2.72401356457058
0.294471147272444,-0.178202192526623,2.72368109499154
0.294473843718124,-0.178200961674803,2.72377622623256
0.294473097624225,-0.178202267924280,2.72398634766002
0.294474587438880,-0.178202554905694,2.72388367423584
0.294476938779887,-0.178204551324165,2.72358942678763
0.294475137258198,-0.178201001411787,2.72369717712402
0.294464346708325,-0.178198734574121,2.72348053895065
0.294476188793486,-0.178195496904943,2.72412686542375
0.294458548259853,-0.178189160621424,2.72359793868760
0.294464191302118,-0.178186960795552,2.72356911875474
0.294464537385233,-0.178184801880965,2.72401252859279
0.294464173362010,-0.178180047349935,2.72419260938566
0.294466201147131,-0.178174251747536,2.72445512357415
0.294468213166047,-0.178175702239491,2.72480353334165
0.294469416848592,-0.178159587884898,2.72463336456954
0.294466680793273,-0.178159041873296,2.72515590835783
0.294468790645668,-0.178163316362048,2.72482931310327
0.294465639968547,-0.178162612349329,2.72472314641522
0.294471375939071,-0.178155004084084,2.72520040301926
0.294476773672693,-0.178163340306713,2.72496700292220
0.294474007194289,-0.178156309876874,2.72492016526779
0.294470369820919,-0.178159746648397,2.72464369512098
0.294468870768531,-0.178162572913149,2.72423221406508
0.294470187013066,-0.178158089631658,2.72470552505923
0.294475666000750,-0.178158404848635,2.72504557926494
0.294472848672718,-0.178163064630024,2.72477460389302
0.294476534028566,-0.178164767878010,2.72426237255322
0.294489033191912,-0.178174594129885,2.72440803319822
0.294473934065613,-0.178183979910839,2.72397324663260
0.294477976089885,-0.178177722273039,2.72397525203026
0.294479720106329,-0.178181843659645,2.72454964295479
0.294481803976819,-0.178187912531275,2.72395598165060
0.294475960622676,-0.178191833885372,2.72373985749238
0.294478658807118,-0.178206201361668,2.72318476665574
0.294478579404273,-0.178194665844328,2.72398795576038
0.294482270827144,-0.178195943484536,2.72396288646721
0.294480504195713,-0.178201311976541,2.72423090541108
0.294473928053707,-0.178195737858483,2.72388242862355
0.294480745576811,-0.178199830099150,2.72419334097426
0.294474116144249,-0.178196651894396,2.72384987443525
0.294475733147182,-0.178194034315916,2.72374544458233
0.294467162729822,-0.178193817147222,2.72370484132552
0.294467116363379,-0.178198822922201,2.72350788436227
0.294471926365170,-0.178187767317937,2.72419929486330
0.294470379192460,-0.178176655786480,2.72443345865019
0.294481232757753,-0.178184958579371,2.72419677293921
0.294464436446932,-0.178173661985433,2.72466052262679
0.294468334512718,-0.178177088543450,2.72402812981068
0.294466406507250,-0.178173014865387,2.72450719864186
0.294469476300123,-0.178175205143325,2.72392606913124
0.294467486239329,-0.178179490026578,2.72423285133727
0.294467105568789,-0.178179385225899,2.72426954961232
0.294469742997049,-0.178172814037534,2.72457304273845
0.294464274370606,-0.178175811683998,2.72412550735972
0.294474082508084,-0.178178054873321,2.72456106262631
0.294471849820727,-0.178185087279391,2.72424645548945
0.294469412287962,-0.178178549687839,2.72481358505093
0.294475170802301,-0.178185637653587,2.72463555716477
0.294466252822420,-0.178187052529920,2.72477820300385
0.294472605971597,-0.178191055354234,2.72437850284115
0.294470055562837,-0.178196546160847,2.72411882929831
0.294478999863683,-0.178187827642795,2.72461618531456
0.294472491592760,-0.178190499684528,2.72439830720157
0.294473556493023,-0.178190131595509,2.72447047141574
0.294473515596087,-0.178195474447718,2.72422102397026
0.294476776586582,-0.178193430646126,2.72435784979114
0.294480637172529,-0.178206229222887,2.72372751234815
0.294474231375426,-0.178190951812111,2.72409712947799
0.294478330919764,-0.178192973942593,2.72408914540483
0.294478261128954,-0.178193870369897,2.72401359899267
0.294482594831633,-0.178191080677990,2.72400259800036
0.294482873494361,-0.178199197843393,2.72404205514887
0.294477487309610,-0.178182114475591,2.72414736759013
0.294472418606022,-0.178182145103908,2.72441094493408
0.294477759460218,-0.178190200606204,2.72418792412175
0.294469294344364,-0.178181399004026,2.72412875295608
0.294471070866029,-0.178187811924019,2.72433911949071
0.294471040992089,-0.178184198965257,2.72451944836377
0.294467173235921,-0.178184523686650,2.72440030521956
0.294474882685004,-0.178190643204030,2.72386355049668
0.294470461765651,-0.178194756251563,2.72384319860529
0.294470983752735,-0.178188468158280,2.72362827158809
0.294468489131617,-0.178182367159136,2.72417669526148
0.294474440722339,-0.178195623933198,2.72376066456539
0.294465145407940,-0.178201342337314,2.72337485664347
0.294471150829211,-0.178206979722866,2.72315843088434
0.294471069125092,-0.178200357400814,2.72343822103319
0.294476439035138,-0.178198599931088,2.72350046484630
0.294467132775856,-0.178196803134535,2.72346976468890
0.294485215888524,-0.178201732356689,2.72363071550566
0.294478401909668,-0.178205888407770,2.72324913013665
0.294464899434632,-0.178195864656042,2.72315422620495
0.294479147272444,-0.178195192526623,2.72368109499154
0.294492099927610,-0.178185407692690,2.72376320859727
0.294478237246468,-0.178190774829002,2.72383836474218
0.294484692904043,-0.178193764885461,2.72358115354852
0.294481727471583,-0.178180277844430,2.72394033603938
0.294477820741036,-0.178179517248909,2.72399797658286
0.294486466359968,-0.178179764283642,2.72394293883365
0.294481004159750,-0.178173793156596,2.72418190185591
0.294479696903118,-0.178176196453067,2.72437857545245
0.294478793950413,-0.178172061442574,2.72456422630630
0.294470695951604,-0.178162010277634,2.72456056488349
0.294476251803229,-0.178166469857278,2.72436499250618
0.294474483781765,-0.178170230471415,2.72452192753909
0.294472055981912,-0.178161302693108,2.72496503662787
0.294459518459168,-0.178158387735332,2.72446868680444
0.294476797747974,-0.178159261384788,2.72497119411959
0.294473611213025,-0.178153659062878,2.72482174170714
0.294486981294392,-0.178153766499363,2.72485420093382
0.294474800834848,-0.178149346496916,2.72456261074334
0.294479464548677,-0.178153078459001,2.72506320975893
0.294479174928219,-0.178159483312638,2.72459403254092
0.294475215604113,-0.178156638770332,2.72453600666949
0.294478453109477,-0.178151600309586,2.72463350722725
0.294482719623256,-0.178156586407045,2.72476926262060
0.294482367068427,-0.178171988528079,2.72415907425056
0.294476563353641,-0.178157910365041,2.72425729372822
0.294480802439847,-0.178158381899772,2.72431251002059
0.294488978379081,-0.178169058037177,2.72438889319123
0.294488722482725,-0.178170524198903,2.72460142274011
0.294484675165796,-0.178176531791243,2.72425632102997
0.294474492051248,-0.178179928671773,2.72378897326284
0.294479896554370,-0.178175931623225,2.72443163328198
0.294474277752519,-0.178188630949025,2.72379691358291
0.294470879667724,-0.178190421226629,2.72390258297486
0.294471126259510,-0.178195923171813,2.72369128276551
0.294469544250690,-0.178191208202715,2.72384851529333
0.294468099934312,-0.178197785888135,2.72356563697840
0.294458500386281,-0.178206846250650,2.72290436201527
0.294460361545552,-0.178208304796879,2.72323211895582
0.294460990218108,-0.178204604648132,2.72303551642188
0.294462047857338,-0.178211542630446,2.72370482857929
0.294458906604870,-0.178206186380358,2.72354658020405
0.294457860031039,-0.178215529272119,2.72290561589939
0.294468314978501,-0.178207686602625,2.72396490039029
0.294467395564338,-0.178207490463699,2.72354317651852
0.294464895430365,-0.178209212797390,2.72376728718101
0.294462775531513,-0.178214740909264,2.72308289672904
0.294464254304274,-0.178213525723790,2.72335216065470
0.294469583819458,-0.178210264097133,2.72333767630213
0.294463255048577,-0.178204147188148,2.72334959144002
0.294476663520838,-0.178204720680098,2.72357800076446
0.294477970500666,-0.178198283273626,2.72399209776246
0.294488286428289,-0.178203041842514,2.72363284037710
0.294475377032288,-0.178188933178308,2.72368648735308
0.294476940030841,-0.178192825993470,2.72336539103639
0.294482419084336,-0.178193179511029,2.72381687734605
0.294476155175963,-0.178205322436448,2.72358475731793
0.294481687722822,-0.178195850486761,2.72403476762522
0.294485222105934,-0.178193385678643,2.72415360892612
0.294481404086914,-0.178202445394649,2.72353642340939
0.294479795015501,-0.178183688013476,2.72447862785191
0.294478817446287,-0.178193816453087,2.72406458129926
0.294474172255316,-0.178192133384535,2.72404977828922
0.294485936554965,-0.178190911207538,2.72406735902326
0.294484676876582,-0.178188559666016,2.72449053137553
0.294483224265744,-0.178184509629661,2.72462413426052
0.294481912162046,-0.178185402161491,2.72476187611630
0.294481130995157,-0.178179049069856,2.72466243112830
0.294480316417145,-0.178186024851084,2.72451417175582
0.294478076103119,-0.178178335065168,2.72428433145086
0.294479600155792,-0.178178934874410,2.72464031331484
0.294482773822633,-0.178177170856885,2.72464696969250
0.294479793425734,-0.178179873686311,2.72460684355958
0.294480554910475,-0.178176807291573,2.72438734385555
0.294479001796322,-0.178169262027888,2.72465631226559
0.294475898145562,-0.178179185277851,2.72433037409918
0.294482408077392,-0.178174703859479,2.72485507293810
0.294480402168739,-0.178173075076037,2.72490536073628
0.294476432015641,-0.178183089577581,2.72418658413739
0.294472610687242,-0.178181415471802,2.72428158635745
0.294471124240803,-0.178176833810302,2.72453521137549
0.294475185823597,-0.178182177361839,2.72445777439059
0.294471082804610,-0.178191881861413,2.72384468055427
0.294468512931262,-0.178185288336512,2.72418054208592
0.294471134560827,-0.178189121163263,2.72432810387661
0.294467932100666,-0.178191203930625,2.72415159397722
0.294467170187691,-0.178186271561287,2.72437092812005
0.294468404531810,-0.178184192237849,2.72410367963196
0.294472174934654,-0.178192678244837,2.72420675545641
0.294467855183213,-0.178197936533500,2.72355547455159
0.294466731410930,-0.178194713970203,2.72366219101273
0.294467943472993,-0.178194569828217,2.72333631171277
0.294474893954772,-0.178205526356604,2.72324139195250
0.294472005359763,-0.178193737648446,2.72353536757853
0.294476352229911,-0.178194016838519,2.72413113748197
0.294473269189393,-0.178188907943755,2.72343318589144
0.294474614459491,-0.178197429563390,2.72361460512176
0.294476846000366,-0.178190367323809,2.72393007747941
0.294460332272084,-0.178192607744785,2.72349393535584
0.294474653807594,-0.178190856675394,2.72352022071992
0.294476779788983,-0.178205963750582,2.72294378759565
0.294468577230033,-0.178199376417494,2.72327661776177
0.294469893099520,-0.178202647076724,2.72364146318186
0.294479954733349,-0.178200018458430,2.72368443162884
0.294475531884390,-0.178203531758311,2.72360489069070
0.294471425016454,-0.178207112207244,2.72349319253273
0.294479426191611,-0.178211309849326,2.72372053125659
0.294466326461051,-0.178200538554615,2.72375779692285
0.294465274211561,-0.178199525132777,2.72344830017850
0.294467234619126,-0.178204956910068,2.72360046210617
0.294472811915456,-0.178197264746276,2.72403807836476
0.294474903492872,-0.178196929169600,2.72383530696526
0.294475486261706,-0.178201522686674,2.72370460934878
0.294486098039695,-0.178203165823539,2.72417744709380
0.294481833680498,-0.178199085327353,2.72345786318272
0.294480547456792,-0.178195341029453,2.72434848399415
0.294478398334865,-0.178194785853636,2.72401929755905
0.294477945229059,-0.178192583776007,2.72409773303458
0.294490617881789,-0.178195746343943,2.72395925804138
0.294485065154810,-0.178182390558343,2.72426825786704
0.294486352693704,-0.178186167463483,2.72390776741009
0.294486899508957,-0.178178899575804,2.72398436176584
0.294487534938634,-0.178190671324751,2.72379101683792
0.294481517746911,-0.178176286888951,2.72409309088419
0.294484023962473,-0.178177340965706,2.72444808943215
0.294477711311219,-0.178185920249373,2.72396288761130
0.294479165864258,-0.178195971516507,2.72359431838667
0.294481994220186,-0.178189571550785,2.72389428081097
0.294486540738687,-0.178194158162271,2.72404637635984
0.294476065154810,-0.178183390558343,2.72426825786704
0.294474421577543,-0.178189899024984,2.72388469702230
0.294475324434824,-0.178194285933906,2.72372847250158
0.294475531825877,-0.178187152191410,2.72436451405137
0.294471559329876,-0.178183567618109,2.72474867838268
0.294454808282045,-0.178185600214077,2.72402514645722
0.294467650409600,-0.178183836647223,2.72420029636410
0.294466396810052,-0.178187302044554,2.72441288121317
0.294459491901827,-0.178188404536537,2.72399667571368
0.294464453073609,-0.178185879180659,2.72396882869401
0.294462759750577,-0.178186391564854,2.72413238760225
0.294465551476693,-0.178191530194218,2.72386221797315
0.294464466559095,-0.178184772117472,2.72410826433084
0.294470907502341,-0.178189253345787,2.72427977639127
0.294466456205935,-0.178174722207190,2.72444110678087
0.294473512242521,-0.178185480641257,2.72404207769093
0.294476018446653,-0.178186535130741,2.72439716647816
0.294463492908121,-0.178181212721134,2.72413508222737
0.294469289763193,-0.178170613351810,2.72465147042577
0.294475258280386,-0.178182529091985,2.72444524018705
0.294468210679597,-0.178183249999994,2.72413724527136
0.294464902326955,-0.178183265165468,2.72476317864401
0.294472828767042,-0.178196608798649,2.72416460264466
0.294478675610213,-0.178186253429466,2.72467228737286
0.294472047019942,-0.178187105524318,2.72456292950310
0.294475804316053,-0.178196944257208,2.72455609780573
0.294474409974846,-0.178201289902496,2.72400857401826
0.294474099444488,-0.178199779156044,2.72406239918092
0.294479443633825,-0.178201908748914,2.72387610860014
0.294480055443398,-0.178214601841752,2.72393775050182
0.294476583535306,-0.178205103733969,2.72354419516375
0.294478962629633,-0.178205528305547,2.72392162686592
0.294478202050898,-0.178208595637316,2.72414093235871
0.294475694734101,-0.178207540323535,2.72378592680995
0.294481195814607,-0.178210432251707,2.72357250265300
0.294480936240741,-0.178204881962622,2.72366781045930
0.294490029757576,-0.178206232543959,2.72426089744702
0.294488762784638,-0.178203064762516,2.72436305610110
0.294484465199750,-0.178200420337743,2.72370825383332
0.294490961891599,-0.178213902476109,2.72341066467740
0.294483908006080,-0.178206262541048,2.72380052427207
0.294485155175963,-0.178212322436448,2.72358475731793
0.294481438281820,-0.178206981057098,2.72427785438714
0.294482022193306,-0.178200254825192,2.72388538475306
0.294474330119940,-0.178192100836705,2.72389677299815
0.294484318294804,-0.178200756796205,2.72378829211143
0.294475196718337,-0.178199907332537,2.72378027722739
0.294478237246468,-0.178198774829002,2.72383836474218
0.294474123901407,-0.178204120834994,2.72332221682184
0.294481877217522,-0.178207729794425,2.72333759111150
0.294480745576811,-0.178191830099150,2.72419334097426
0.294478386012552,-0.178206260986475,2.72390027684165
0.294470061016087,-0.178199556735254,2.72390042665239
0.294473319291285,-0.178205841558286,2.72334092244285
0.294483017001463,-0.178202843722777,2.72380125374942
0.294469516040057,-0.178199892119196,2.72387780523028
0.294475832405906,-0.178203646207706,2.72348804163978
0.294479147272444,-0.178203192526623,2.72368109499154
0.294468006461933,-0.178194458764631,2.72343751860372
0.294479203968260,-0.178205188611352,2.72364305559187
0.294465040085448,-0.178185478927413,2.72385512509709
0.294466688543024,-0.178197293049209,2.72357778730491
0.294478104204529,-0.178190856701902,2.72383284216767
0.294465514523583,-0.178187785299726,2.72377301932229
0.294475740069766,-0.178169418003210,2.72435771085023
0.294481163064122,-0.178177854400554,2.72412125893631
0.294474741265370,-0.178179937937837,2.72438057919192
0.294468834925420,-0.178166935520434,2.72478781519706
0.294476269262137,-0.178159755338859,2.72484552066110
0.294468693347359,-0.178159480658730,2.72472475344280
0.294473139097759,-0.178162431700978,2.72468623281091
0.294476058552159,-0.178162515244901,2.72508657180484
0.294470657810123,-0.178163694191632,2.72458967779851
0.294465083742031,-0.178162378453187,2.72464421120502
0.294467867522106,-0.178159330254591,2.72481212164611
0.294464252909960,-0.178158345727147,2.72478796707695
0.294468048240368,-0.178170045642140,2.72419937026159
0.294471258097628,-0.178161835675149,2.72426342089174
0.294477551849026,-0.178156536179708,2.72544278312008
0.294477297690430,-0.178173089046513,2.72447656603810
0.294481137877250,-0.178175775702417,2.72434211513061
0.294480153691688,-0.178163786029131,2.72453809041958
0.294473463694847,-0.178164356783564,2.72486965512076
0.294486275823975,-0.178170887491707,2.72483719881347
0.294471368524081,-0.178170595454037,2.72458852412305
0.294477980808392,-0.178173880246489,2.72479251652503
0.294472772331978,-0.178172112248641,2.72420047950809
0.294483903745080,-0.178168802275219,2.72462446074705
0.294484771781544,-0.178178734552932,2.72440645433739
0.294473812712842,-0.178179046742744,2.72487051373795
0.294476646513335,-0.178184799390823,2.72438034080359
0.294475304455947,-0.178194837618827,2.72396346110148
0.294474757233689,-0.178192047379828,2.72449416545317
0.294469473283941,-0.178201488391231,2.72344448430175
0.294470308419266,-0.178203426556040,2.72365733012874
0.294464542673091,-0.178195430738740,2.72359600757010
0.294477165662976,-0.178196772847559,2.72425095735810
0.294460420452701,-0.178201151395126,2.72331746594060
0.294459435424234,-0.178188793142630,2.72423746809005
0.294452793348274,-0.178108599167560,2.72739063873875
0.294370034520340,-0.177600644672449,2.74365822961235
0.294472809131864,-0.177293944479534,2.74576216263298
0.294584185248300,-0.176748767742469,2.74863389701960
0.294752206011938,-0.176036402767365,2.75757730184417
0.294926440044909,-0.175358426563210,2.75822674714255
0.295098378524858,-0.174475990703762,2.76279266361008
0.295283055821815,-0.173476519113285,2.77126293062720
0.295467879588513,-0.172457506586595,2.77433150814372
0.295743892170930,-0.171316910070590,2.78187180310636
0.295971941203660,-0.169954453308842,2.79281714911654
0.296251099412421,-0.168534847204199,2.80373529169801
0.296517186458245,-0.167038544459721,2.81233047601391
0.296878040146789,-0.165391627560633,2.82168318479402
0.297259118205929,-0.163607933966289,2.83276398673898
0.297638364680527,-0.161725833875904,2.85105758744146
0.298023051709791,-0.159734984170863,2.86511351012932
0.298437308674087,-0.157659731829109,2.87915532897599
0.298882593554919,-0.155498292812788,2.90058743574473
0.299294550008843,-0.153377232856272,2.92007176791057
0.299768070274272,-0.151263802101036,2.93420301371150
0.300182813882485,-0.149128841116688,2.95172832307141
0.300606175907660,-0.147049142553557,2.96558242566332
0.301045515695386,-0.144881399913541,2.98556333419843
0.301509753169481,-0.142757584534243,3.00403071873248
0.301886730971001,-0.140574451596625,3.02314110402302
0.302302519978184,-0.138468392513930,3.04127085653452
0.302811145997312,-0.136359332169291,3.05338706166243
0.303160564999693,-0.134212355129163,3.07146129073956
0.303642232285920,-0.132054619262353,3.09515946976434
0.304075204173985,-0.129956156100306,3.10973255178976
0.304478216509642,-0.127819979781934,3.12590935859393
0.304932296524338,-0.125677606676382,3.14501693644166
0.305347656299794,-0.123526414459879,3.16058795699685
0.305794210131195,-0.121392629025151,3.17940992609622
0.306221730773465,-0.119300102650194,3.20005078829156
0.306628122006276,-0.117146971268834,3.21524719005657
0.307057953868120,-0.115043311353360,3.22910645660915
0.307510640298991,-0.112910203051374,3.25283875282260
0.307854243364421,-0.110799236001369,3.26573265176930
0.308375526077765,-0.108678666685511,3.28603899705997
0.308734396899949,-0.106578472839667,3.30300728359288
0.309226954090066,-0.104466154756808,3.31952192412667
0.309604485449552,-0.102333827599635,3.33187035254684
0.310073116293844,-0.100205656494686,3.35443021596925
0.310493397352079,-0.0980946812803859,3.37117837800069
0.310935354972797,-0.0960242296528341,3.38441665091176
0.311388175723265,-0.0939060143447304,3.39993088625271
0.311742423881931,-0.0917765990954373,3.42005886174778
0.312271169206942,-0.0896922987124167,3.43745868930104
0.312646488862319,-0.0875216666455472,3.45605945542271
0.313113851724467,-0.0854074158549678,3.47693066101547
0.313515133562509,-0.0833023233920185,3.49253094315764
0.314005957258636,-0.0812257263503349,3.50655534575952
0.314405697649698,-0.0791259987663245,3.52353026172797
0.314875048187976,-0.0770295531573603,3.54351930706563
0.315274493542797,-0.0749176001615042,3.56106866757168
0.315745928474522,-0.0727947912067016,3.57719941716265
0.316153296329207,-0.0707205786115397,3.59460099498432
0.316556385785599,-0.0686178938138753,3.61293940508844
0.317040822354843,-0.0665264766011980,3.62866513737912
0.317484152185343,-0.0644057518905076,3.64765228069563
0.317903895580203,-0.0622792344746749,3.66888364251363
0.318374404188914,-0.0601296187099014,3.68455211593141
0.318811705987456,-0.0580149334892283,3.69781800009454
0.319268565427678,-0.0559381519919025,3.71450220289887
0.319704493787547,-0.0538344244411125,3.73322987985359
0.320145252176020,-0.0517498332897323,3.75180278452246
0.320545414305372,-0.0496330309099169,3.77109838583971
0.320974599308504,-0.0475324614793150,3.78928826291552
0.321418257375509,-0.0454535516114599,3.80222218825152
0.321834508864592,-0.0433543778327432,3.82093440635744
0.322272351284797,-0.0412960130353395,3.83610446832055
0.322693479706237,-0.0392751975080285,3.85225890643446
0.323137789551451,-0.0372058631957967,3.86695221953421
0.323517199880681,-0.0351415678511399,3.88384312299270
0.323962132918544,-0.0330965952312489,3.89662063038276
0.324335774716836,-0.0310545741162804,3.91339269252033
0.324736007243260,-0.0289865741209506,3.93174285513716
0.325119610618103,-0.0269362576781553,3.94677556141622
0.325560212441380,-0.0249152117992586,3.96168063391570
0.326013705182651,-0.0228820628841234,3.97541224363975
0.326414842728627,-0.0208945508149192,3.99053696778296
0.326866754958058,-0.0188638062589516,4.00405685950901
0.327306530593888,-0.0168254869579970,4.01956292581897
0.327704512387887,-0.0148168412813318,4.03491083385726
0.328098925981684,-0.0128097200188329,4.05068745630630
0.328468629117674,-0.0107967632391093,4.06890676750101
0.328902279028504,-0.00879911704580360,4.08338701816055
0.329306331496649,-0.00678730596969044,4.09791376747383
0.329698411884271,-0.00484247349828300,4.11657049665672
0.330096291923088,-0.00282091557142486,4.13359439475428
0.330500337400326,-0.000846244875882374,4.14926360363373
0.330882700619181,0.00114314445019681,4.16482126253344
0.331277644195272,0.00310025410863653,4.18096972104586
0.331647573431141,0.00506045494390215,4.20104013972784
0.332101699875413,0.00701793670877833,4.21115904689830
0.332486588626058,0.00899061362958472,4.22678641391872
0.332897497093982,0.0109496327118044,4.24370940247347
0.333307812293035,0.0128746625365772,4.25864102856892
0.333688047304061,0.0147964533440192,4.27575782617663
0.334094289753504,0.0167187441042649,4.29124361960625
0.334540049978922,0.0186915309681065,4.30301911903617
0.334850164879958,0.0206071581503428,4.32340722517215
0.335342686552665,0.0225164917551308,4.33499064896639
0.335680949710999,0.0244234355309932,4.35160409055123
0.336079248674487,0.0263208220970290,4.36823556920839
0.336549928747925,0.0282859784281002,4.37911919037021
0.336857417461541,0.0301446371406554,4.39574493957360
0.337317048136228,0.0320738602825575,4.41058936002571
0.337714953714945,0.0339196981823181,4.42373101982882
0.338077304212199,0.0358115671147556,4.43971212619205
0.338511489507048,0.0377457601001718,4.45483037300064
0.338902776885125,0.0396095318150181,4.46821640091235
0.339300630082775,0.0414480861038925,4.48359326993539
0.339695319945255,0.0433357840622615,4.49761233909333
0.340107062417393,0.0452033749848388,4.51047999019234
0.340495295926770,0.0470787725436318,4.52780488480595
0.340862415732804,0.0489105460121873,4.54193199570177
0.341311672750603,0.0507364426849470,4.55289604326194
0.341697198292232,0.0526279209045298,4.57124163357715
0.342094233931448,0.0544464382309901,4.58322696131625
0.342485260010536,0.0563576816211640,4.59717828959939
0.342899865395273,0.0581774843015838,4.61467068561314
0.343303691126129,0.0599422248562096,4.62820706384756
0.343685715323097,0.0618145315538794,4.64110753926852
0.344087540056637,0.0636869112451821,4.65609856120410
0.344489638194741,0.0655247443500926,4.67055243918657
0.344887466622363,0.0673524737414322,4.68716111064360
0.345280973409811,0.0691927797922298,4.70115405044841
0.345661264724725,0.0709486740896452,4.71602026756286
0.346083374959481,0.0727257548935845,4.73328288230357
0.346456618204043,0.0745540716175520,4.74535938504958
0.346836653607974,0.0763376494641347,4.76153685930842
0.347240485258593,0.0781279984705425,4.77797583460581
0.347654610771003,0.0799316916533801,4.78987488806151
0.348026584994827,0.0817494079045013,4.80196363754590
0.348433516381242,0.0834935230438994,4.81698128199781
0.348796769770556,0.0852854075437675,4.83277401003601
0.349193293958059,0.0871040795936857,4.84662633722195
0.349581751393588,0.0888280796742746,4.86236733746034
0.349972611292440,0.0906004285021899,4.87666343880524
0.350342086274910,0.0923759783815367,4.89147191324448
0.350707596489875,0.0941911108884462,4.90512015769657
0.351134585930450,0.0958845291139662,4.91839680813605
0.351506358969522,0.0976475671137586,4.93580725527698
0.351860612223106,0.0993980749633412,4.94953711183231
0.352274543102945,0.101096950914018,4.96531604206088
0.352680123704820,0.102820622510965,4.98198540155803
0.352999228747316,0.104651992629128,4.99367765439399
0.353441313803678,0.106352544955939,5.00659522006813
0.353823614900460,0.108059908875305,5.02267171269407
0.354131236008711,0.109837426174335,5.03779187946903
0.354588739828570,0.111542716962481,5.05104693632142
0.354934365897468,0.113282517140140,5.06798753047790
0.355265277897149,0.115052391154808,5.08321872641076
0.355692870697074,0.116766173132600,5.09805406407292
0.356053095125216,0.118464941638353,5.11212893146919
0.356432969752526,0.120143027610943,5.12648256704672
0.356834347403997,0.121856109264952,5.14104122091134
0.357218366227241,0.123575198164817,5.15512456946089
0.357563602553868,0.125304719942198,5.17226379588965
0.357984062322457,0.127028256590507,5.18490907687091
0.358303900181467,0.128744915130004,5.20264418721990
0.358727943366512,0.130413685083418,5.21716523446679
0.359107898655340,0.132110981387118,5.22979610456066
0.359468366419642,0.133803835467286,5.24724682788924
0.359864946830596,0.135504347926972,5.26280147516652
0.360179175700291,0.137168320075409,5.27822715783016
0.360631195894090,0.138827763302071,5.29210557648922
0.360935114123311,0.140529350875712,5.30853509018483
0.361384373395868,0.142156034412760,5.32152375024131
0.361743902863092,0.143811428872110,5.33862898276864
0.362098553268963,0.145526866288734,5.35212796326722
0.362501950779473,0.147205393213846,5.36775710901967
0.362851869570417,0.148864972473367,5.38265417585397
0.363232976363825,0.150543261430987,5.39825397811184
0.363599345147346,0.152214375667936,5.41445049488558
0.364023027595187,0.153829645213328,5.42734158899400
0.364360430865450,0.155508018617792,5.44413919831466
0.364762869476675,0.157150497653510,5.45722162411332
0.365126198188990,0.158810658936214,5.47326522942033
0.365498338338791,0.160500673945058,5.48773239588702
0.365893359396241,0.162121068011951,5.50337905753887
0.366252602957479,0.163769180109826,5.52029210633776
0.366630771033841,0.165444331190132,5.53407432450481
0.367020935137980,0.167072504919942,5.54957616001753
0.367389810016147,0.168730385870681,5.56431597183078
0.367752955676377,0.170373045089792,5.58137561682051
0.368126894704352,0.172016680387142,5.59546718407249
0.368507804967863,0.173640975496967,5.61088599907139
0.368886751930893,0.175303224306883,5.62726650533266
0.369247370806553,0.176963469541015,5.64130234618723
0.369627689467652,0.178612837086633,5.65786032652177
0.369976966630171,0.180245069279060,5.67469672611204
0.370365880192347,0.181895581733888,5.68949862080101
0.370733964974528,0.183582550801196,5.70371760634451
0.371111491774377,0.185186010639753,5.72096086161272
0.371504234829918,0.186798776785046,5.73690978565327
0.371846579545980,0.188473440243758,5.75211585652372
0.372228753084389,0.190139226026773,5.76757610126636
0.372587896457706,0.191740123194082,5.78401373878185
0.372954284781748,0.193329523512531,5.80403522807493
0.373338459248866,0.195034702699006,5.81404749819032
0.373702160337831,0.196602120713320,5.83472129431635
0.374051681197162,0.198217563743836,5.84966680393900
0.374458222469517,0.199883493873078,5.86611042138398
0.374774469527182,0.201467966878581,5.88180318537521
0.375201426605592,0.203074964144218,5.90009869355927
0.375516950763139,0.204692745737824,5.91397967851714
0.375911394716253,0.206280202326538,5.93308822333564
0.376282779487199,0.207916169187074,5.94540816744139
0.376642055459240,0.209486499925803,5.96515941164141
0.377024110920847,0.211124452280638,5.97746250799433
0.377364757459499,0.212674156116871,5.99609791154170
0.377744275250876,0.214273566624254,6.01331755235483
0.378088862218605,0.215868011087998,6.02786539671625
0.378469448499811,0.217410965058781,6.05007270160137
0.378833953099368,0.219018697733641,6.06216256019539
0.379189473573094,0.220576513622133,6.08547078537059
0.379552554863466,0.222130274974344,6.09879800507439
0.379892015003963,0.223725444064307,6.11568239553592
0.380287914275753,0.225242980056155,6.13450602365690
0.380589872167301,0.226776227389377,6.14777387125991
0.381000868603222,0.228311626306193,6.16405807942422
0.381369845454542,0.229830868612092,6.17701842695822
0.381651734729865,0.231349107595519,6.19324560044358
0.382099525512501,0.232882292025475,6.21079498444020
0.382375634157945,0.234384221560413,6.22558440530685
0.382739640926029,0.235866432499749,6.24380757546141
0.383160468528718,0.237404849930827,6.25880581667799
0.383462495007872,0.238886917946648,6.27033423981596
0.383813840010662,0.240428134209601,0.00221618386192531
0.384223876591219,0.241902482997264,0.0206450765793560
0.384539882156335,0.243371080147599,0.0370259988597370
0.384891824565056,0.244887121338004,0.0527594408638716
0.385278662252948,0.246362715621365,0.0638814222801333
0.385579119794901,0.247853599986314,0.0768548453331750
0.385925335715563,0.249324502963989,0.0932041729834312
0.386332678215860,0.250830964189713,0.108021480728354
0.386641240952744,0.252333159193470,0.123337824146183
0.386981431067852,0.253776552529768,0.138139064792702
0.387391683986392,0.255271602779698,0.151054833728785
0.387702199192389,0.256735983109052,0.166203337548616
0.388024141395950,0.258211878373717,0.180161504218772
0.388410020500781,0.259670508691607,0.193412655970258
0.388792016292293,0.261133776023133,0.206843181768186
0.389112530910483,0.262614955858759,0.221979844273850
0.389459485133677,0.264079909389065,0.236629804029608
0.389846803830519,0.265516686930835,0.250802403502860
0.390173064241571,0.266976016484729,0.261596311668306
0.390498682283955,0.268380839503576,0.277815725168952
0.390859308683142,0.269858526100283,0.289543413477797
0.391238368776201,0.271256982709542,0.304943471339139
0.391622535351239,0.272707933730149,0.318219208051552
0.391914313544406,0.274147678802180,0.328999925589042
0.392219023339586,0.275480183976029,0.340601034247117
0.392624200268557,0.276940784455576,0.353611775507007
0.393008167581209,0.278310485213511,0.371624133939749
0.393300346460879,0.279640430363922,0.377528146681555
0.393647986762714,0.281036693456540,0.390042405947048
0.393931780604818,0.282424983949712,0.398465559624102
0.394320510958583,0.283751369783760,0.412057769822159
0.394667964274456,0.285085687794715,0.421976033867626
0.394974394183477,0.286485129498953,0.430480258197838
0.395317908363722,0.287769149414453,0.444940579462506
0.395696707488840,0.289105843347237,0.456587154397231
0.395994423435450,0.290440575775073,0.462908023013654
0.396326550845281,0.291792406265810,0.474165223843668
0.396617085884697,0.293009707029331,0.485567775181476
0.397008093432880,0.294423703948629,0.494197620045168
0.397371535375314,0.295703034647341,0.506282788261591
0.397694487359120,0.296986129874974,0.515361079215816
0.397963986442314,0.298252864092782,0.523643036581631
0.398307699655854,0.299614775586403,0.534362642165152
0.398655715916724,0.300877928228220,0.543999740118084
0.398988167926053,0.302143091482791,0.555080334455446
0.399320575608263,0.303427482647735,0.563787048971652
0.399632658684463,0.304710930129499,0.571681676321689
0.399915372472067,0.305928370920039,0.580985069050833
0.400260562849396,0.307205766398242,0.590142969790767
0.400618303310571,0.308471776309170,0.600508564033817
0.400928150151008,0.309721513303482,0.608078976024859
0.401229206197722,0.310938745117914,0.617744036109921
0.401560018561673,0.312149164852073,0.628866404572314
0.401888501342792,0.313368620371859,0.635645811024658
0.402238563800461,0.314628540152629,0.644342970590745
0.402538135200329,0.315827990162721,0.652513023122005
0.402835349865877,0.316992421702450,0.660682103590045
0.403149134898183,0.318192397941102,0.669317818474937
0.403480889620705,0.319373147159253,0.677267196764902
0.403812751106697,0.320560493591117,0.684392824202911
0.404116551303316,0.321758027781462,0.690816018293202
0.404390590576968,0.322925935734032,0.699179708104447
0.404726117419183,0.324087685130777,0.709260524917144
0.405041889834576,0.325250759475181,0.714043683266050
0.405363180208407,0.326396610202326,0.720463651246718
0.405652963947002,0.327531778899262,0.729585651839397
0.405934265147058,0.328648984497898,0.736858502361012
0.406239860978361,0.329776802203081,0.742792509725876
0.406559709899948,0.330892530400295,0.749606035617917
0.406837006079830,0.331993787677600,0.752762877489731
0.407119014345843,0.333052126900917,0.759499342372892
0.407438117295592,0.334116900140365,0.769493736795745
0.407730089416185,0.335198579532732,0.775746873399146
0.408029001133286,0.336292630275059,0.781633788323643
0.408323988595465,0.337358242440678,0.787080923930729
0.408606630216991,0.338420295368340,0.792982949265821
0.408900215655772,0.339331484774889,0.800973520861831
0.409131457112376,0.338701185855683,0.813394029242319
0.409372558435230,0.338073725604354,0.826187150323311
0.409595060051990,0.337502295044568,0.839910524151609
0.409785308577400,0.336862654857449,0.849835886465978
0.410041080042066,0.336311800636641,0.864915969844162
0.410249916959493,0.335718052650724,0.875654601148175
0.410453354311997,0.335111833858823,0.887170639786792
0.410707994273264,0.334567229202379,0.901710458608295
0.410890403347514,0.333954772165001,0.910117564961986
0.411155740739446,0.333384319370820,0.925860423734406
0.411372329007129,0.332807860434787,0.937421366109911
0.411603598959616,0.332215505816223,0.949263370475894
0.411834174662688,0.331662663494698,0.962846991694829
0.412039290393554,0.331069986862908,0.974105160404985
0.412247015826375,0.330453746528210,0.985513274413965
0.412452991328905,0.329897921918921,0.996678613187300
0.412676587841635,0.329338529857132,1.00889331788900
0.412931217085068,0.328780205533938,1.02246282840658
0.413146448274383,0.328189465385333,1.03433341655326
0.413369375030077,0.327621065440750,1.04613764684525
0.413566497064771,0.327043309453622,1.05755742162591
0.413768618321736,0.326472110151476,1.06864839911311
0.413968808630685,0.325897072702124,1.08065200315708
0.414167773067128,0.325300772240053,1.09128202043223
0.414415516240593,0.324746354611885,1.10628233312713
0.414608743511358,0.324149662790034,1.11648177140941
0.414850603471522,0.323615170614869,1.13052587299773
0.415031920706500,0.323025273555091,1.14168037794108
0.415248039176426,0.322483539613019,1.15345015890896
0.415461869669899,0.321906618101347,1.16625948100883
0.415673120004257,0.321341770544714,1.17714549847033
0.415863557477576,0.320815916199598,1.18840623987709
0.416060761676844,0.320204045969514,1.19821400161813
0.416272522670757,0.319692526070189,1.20997250718360
0.416475374504945,0.319089634840911,1.21979378337445
0.416707816993332,0.318576226988779,1.23250394387240
0.416895722915820,0.317995695118133,1.24162307765366
0.417103551027041,0.317457855977105,1.25328820440877
0.417264622009809,0.316863291066631,1.26160199120769
0.417506698639944,0.316336297482625,1.27406303834082
0.417699850712776,0.315766957349981,1.28388694577630
0.417926180878324,0.315249908675885,1.29639421483405
0.418112098095985,0.314638095890946,1.30610021094691
0.418282517927523,0.314124175663058,1.31642132689727
0.418481486913291,0.313539402506290,1.32807271701846
0.418707286147138,0.313008181862757,1.34139273144588
0.418907205038819,0.312490186526478,1.35428713224216
0.419085196862965,0.311926093393627,1.36473801431024
0.419276046528481,0.311357226013107,1.37780198768005
0.419454332898538,0.310788276788544,1.38749806808020
0.419671357228179,0.310259807307175,1.40057319282812
0.419866131688604,0.309714470781659,1.40996285144922
0.420057372773713,0.309184994089126,1.42135958207497
0.420259046939863,0.308621297713296,1.43117369616183
0.420433879296606,0.308108404384053,1.44198818418502
0.420634852196406,0.307541689701520,1.45255849491568
0.420837651540256,0.307016059388229,1.46386338097485
0.421015320446264,0.306441284429338,1.47404377253582
0.421184806869430,0.305961303627818,1.48457825430943
0.421403050886037,0.305359204167329,1.49837522748330
0.421600473035518,0.304840081475862,1.51203036012425
0.421778104453246,0.304275766914553,1.52313678534677
0.421971169785319,0.303768279034940,1.53592613166111
0.422142634235129,0.303166410607977,1.54660660495922
0.422346740273881,0.302665725233077,1.55820902672081
0.422545274117701,0.302111656677042,1.56965303974244
0.422726891637339,0.301530445541286,1.57939388384559
0.422903822735615,0.301058755916363,1.58995115606668
0.423124264314614,0.300438416884441,1.60115637990794
0.423301412654529,0.299971916542339,1.61341405225290
0.423472733148446,0.299365381696946,1.62373312915425
0.423643323814288,0.298919817657627,1.63487601669418
0.423864744227644,0.298338206506247,1.64740702838761
0.424053812721604,0.297829477685523,1.66001390605786
0.424242605149138,0.297255409302876,1.67145895992390
0.424423328935816,0.296701901804959,1.68275217921580
0.424617625725379,0.296184836292075,1.69510800793079
0.424820433153178,0.295592959292169,1.70649259867393
0.425025793336298,0.295080696122022,1.71823079638827
0.425189834858443,0.294542876452614,1.72846308984219
0.425352688884076,0.294025457223041,1.73847565221490
0.425556911248150,0.293500119249222,1.74972858414227
0.425778824571411,0.292897600757646,1.76241601857641
0.425956890954990,0.292405874737921,1.77356474023301
0.426136339100885,0.291826677358096,1.78331268063479
0.426290086915023,0.291332355471785,1.79505565201819
0.426513680704220,0.290743179985303,1.80775703483710
0.426722676273807,0.290197945458588,1.81944427488458
0.426921196534328,0.289652411530982,1.83177483621170
0.427073053757092,0.289128620275230,1.84155528790771
0.427242892669291,0.288614071489534,1.85319099978800
0.427440277511699,0.288050185755760,1.86479972012252
0.427648833835858,0.287511382043666,1.87655742296475
0.427849892022075,0.286968956109297,1.88871289148553
0.428031922983655,0.286425135814678,1.89969262869013
0.428200005373381,0.285915608594045,1.91033776176710
0.428371350561890,0.285328867659050,1.92216203417948
0.428531863128858,0.284834390051725,1.93075516183896
0.428773274575054,0.284281929203260,1.94457598883206
0.428989053169016,0.283704877621903,1.95653049285761
0.429133365858563,0.283217724360684,1.96570262049621
0.429336313956417,0.282668881745397,1.97949287886451
0.429483941715604,0.282102429169788,1.98865620442868
0.429677218908088,0.281578159678682,2.00042875654413
0.429874068875173,0.281034751490008,2.01287713920827
0.430062652048178,0.280516335110921,2.02432629987748
0.430278137001472,0.279950989836838,2.03714815628627
0.430454667026904,0.279433629970341,2.04804305311903
0.430611682506223,0.278923739522811,2.05879621995809
0.430791183442034,0.278352407936840,2.07016856620732
0.430997832073940,0.277823451252305,2.08212414945710
0.431168883947346,0.277311893903380,2.09237819277046
0.431347498105698,0.276758103416933,2.10383962661951
0.431562706411394,0.276218449727144,2.11632771239802
0.431759788420396,0.275674411916600,2.12895710794346
0.431922301763527,0.275139476362075,2.13735027535527
0.432112250049466,0.274638627898450,2.14989016574715
0.432303340338938,0.274056524913104,2.16174712344189
0.432484004076402,0.273524531432453,2.17275029215414
0.432616478390017,0.273037663605281,2.18119373917919
0.432829439449283,0.272475299626348,2.19532513316764
0.433038047500821,0.271925174989023,2.20720725552726
0.433198135852401,0.271413985825537,2.21661553761495
0.433382433122954,0.270878701383069,2.22920808772288
0.433587272098268,0.270342850111646,2.24168770270389
0.433776124602507,0.269799746034635,2.25372088637024
0.433947802179273,0.269314393792671,2.26406424504757
0.434111873152791,0.268797919200892,2.27630976585451
0.434301690703394,0.268241881193609,2.28764572583261
0.434480032587810,0.267709720351754,2.29957336001244
0.434619737736454,0.267214178754104,2.30973364266207
0.434805357188178,0.266670526037962,2.32132365841244
0.435007103562006,0.266118288646773,2.33359581666686
0.435151293360141,0.265640060687925,2.34349401122797
0.435345239814728,0.265092156899535,2.35702501855504
0.435535483802302,0.264559096698733,2.36869840479721
0.435747146136791,0.264048581802866,2.38242131612475
0.435871376691301,0.263514948859234,2.39039105385400
0.436069992648899,0.262965905203983,2.40428444709963
0.436263514846580,0.262490329874215,2.41703428192308
0.436430254387103,0.261946729129771,2.42649252978334
0.436600298130391,0.261423798215747,2.43776773690008
0.436785504779449,0.260911322150530,2.45239672363508
0.436964272255066,0.260362206630321,2.46169163996392
0.437110835159662,0.259880670452126,2.47267881612460
0.437280301715788,0.259347706069099,2.48424611645644
0.437469819165924,0.258846616449204,2.49661627087534
0.437612410619447,0.258362058073963,2.50730699571604
0.437784168878407,0.257808066252357,2.51715049438454
0.437966911055998,0.257304989197773,2.53082548589395
0.438119731515389,0.256794042198271,2.54017171071146
0.438285304636652,0.256284626868765,2.55251358269225
0.438463165682520,0.255756248124507,2.56245668240091
0.438663982052912,0.255260137714391,2.57758450617865
0.438768618936161,0.254719301622423,2.58435793876855
0.438959407529327,0.254245398962037,2.59795369750237
0.439156920329433,0.253715283961065,2.60916057275481
0.439314512814292,0.253202157701754,2.62157517263490
0.439465942029779,0.252711950566628,2.63200503164297
0.439645497459858,0.252204850571085,2.64434058145000
0.439822982112988,0.251709578366810,2.65627551459992
0.439984115373881,0.251185959737079,2.66787609509111
0.440139429332638,0.250720860610151,2.67835074831923
0.440317398714757,0.250184096761448,2.68922747677832
0.440496172239272,0.249687901192815,2.70017017671624
0.440663942391435,0.249190628298209,2.71114894738165
0.440833169562608,0.248641439996291,2.72054405875076
0.441000957876288,0.248200231917565,2.73474978484069
0.441189999343479,0.247648172025002,2.74532823018706
0.441357301059773,0.247199624633141,2.75828684166412
0.441504580890807,0.246690449962113,2.76734026841941
0.441681667619718,0.246164312444482,2.77967483462182
0.441861079182785,0.245686219427243,2.79443212326818
0.442014353715321,0.245177583939322,2.80385790408162
0.442157240496821,0.244647327894822,2.81286999044142
0.442301153289513,0.244194528411342,2.82734967328220
0.442470269330021,0.243646649958937,2.83882477155097
0.442653298385412,0.243158040641184,2.84967294799949
0.442793157039934,0.242679356326959,2.85899980429265
0.442974081278697,0.242150020452755,2.86899349221483
0.443138519489447,0.241663675517652,2.88084430733565
0.443350137089318,0.241166759039288,2.89279888944909
0.443477250153015,0.240698024838434,2.90149578922419
0.443649741535038,0.240176679875786,2.91301121861509
0.443809592751957,0.239713136016753,2.92845800126695
0.443997891847714,0.239183463949035,2.94108929850825
0.444123434848046,0.238723149475439,2.95128861685312
0.444282536664696,0.238225461302728,2.96196966908621
0.444433436186993,0.237730416467609,2.97568240381176
0.444599090112055,0.237245929783762,2.98767628418192
0.444765476321720,0.236756662332511,2.99639351376165
0.444918532760490,0.236245539691333,3.00217869928837
0.445077377496749,0.235770099806878,3.01503003524072
0.445216928334488,0.235281336293719,3.02814249987209
0.445405159626967,0.234796403673600,3.04069959671723
0.445515851134080,0.234330835184792,3.05024898016090
0.445689088932152,0.233826595104406,3.06388568379800
0.445872398095732,0.233373783039944,3.07964426283230
0.446022346467135,0.232867835806324,3.08615934611996
0.446180256241809,0.232400168886884,3.09434586331695
0.446334777580454,0.231911019220421,3.10606398779654
0.446477660066856,0.231425722304888,3.11836170334676
0.446645737027808,0.230960336138214,3.12946785955228
0.446753490349858,0.230461815683850,3.13802551030855
0.446896715292422,0.230001561654026,3.15238113262444
0.447058090341294,0.229497417792457,3.16385864892053
0.447255850545398,0.229003954022090,3.17422534789979
0.447405266188046,0.228541132487220,3.18258951361086
0.447540309821418,0.228123143693712,3.19724428429307
0.447706410715322,0.227591655388232,3.20887233044053
0.447840697289089,0.227162060116236,3.21995038275655
0.447933763227850,0.226661169697738,3.22601408462544
0.448124288467083,0.226184174403154,3.23865035196923
0.448281558601794,0.225729041391024,3.25142402390220
0.448470427846342,0.225251223108921,3.26319622676294
0.448613727429740,0.224752744535885,3.27113964075847
0.448742744873748,0.224272954329099,3.28384116818812
0.448840075963638,0.223811779624690,3.29712690907326
0.449003436732984,0.223336814109301,3.30477619008515
0.449175819041291,0.222854629148961,3.31239364206206
0.449327007676805,0.222436625798588,3.32970597895196
0.449503424359559,0.221959331282257,3.34222516378679
0.449668914973011,0.221476310678139,3.35187343250832
0.449741454869698,0.221016485131584,3.36157619300701
0.449883576081585,0.220561895917331,3.37109752644610
0.450072189632482,0.220038239530694,3.38047250112885
0.450199700784225,0.219604687567847,3.39476106941107
0.450351276763301,0.219159791414115,3.40661605349149
0.450525115599663,0.218652328063543,3.41535122753265
0.450637367292260,0.218221917840800,3.42961434448695
0.450768385747974,0.217714694577855,3.43701970024530
0.450932314820529,0.217313224890306,3.44868239932408
0.451122805948932,0.216834948309301,3.45951667282016
0.451250126342157,0.216373086341792,3.47408203641290
0.451345730744039,0.215884268825152,3.48271685191933
0.451527875159830,0.215430272743532,3.49072099372825
0.451661383856622,0.214991133167768,3.50490280200761
0.451841810215503,0.214520009485897,3.51576135649261
0.451976924628950,0.214110003412132,3.52557460608430
0.452097962944514,0.213585226416958,3.53726826393641
0.452264927837146,0.213153176956210,3.54981580274751
0.452414761277875,0.212677414195677,3.55572050561389
0.452549702404084,0.212259756555400,3.57014456506754
0.452676148155287,0.211740452058410,3.58068013902085
0.452806301720141,0.211297623104591,3.59390595186637
0.452979835168123,0.210884004746513,3.60274863576000
0.453108130340380,0.210424084782480,3.61573939882565
0.453257755659275,0.209985021958139,3.62697502187373
0.453383209548107,0.209519986791189,3.63533464000385
0.453523289691034,0.209077363536855,3.64823233044662
0.453696812473244,0.208617258825132,3.65924037664625
0.453847048551918,0.208194400717432,3.66870147560175
0.453932359803407,0.207684543578465,3.67968404340232
0.454059535263631,0.207230852198679,3.69290129105158
0.454248681874000,0.206790458163268,3.70240415277222
0.454393544578623,0.206364885113716,3.71463038129922
0.454499948071230,0.205880588369889,3.72577660689827
0.454649310822476,0.205443881713011,3.73612403132292
0.454814903127672,0.204981051048635,3.74546675926877
0.454935172037410,0.204537657369491,3.76075421136971
0.455085101701118,0.204076631595200,3.76777361742677
0.455233851418248,0.203605595793893,3.77697635533953
0.455372293981641,0.203153447445782,3.78926381490944
0.455515739725607,0.202719293187049,3.80309685280404
0.455651973796040,0.202266865258120,3.81203622203582
0.455787434681964,0.201820122350817,3.82245044704554
0.455930519317367,0.201377574706395,3.83603366780915
0.456077070887399,0.200932160988564,3.84739979896311
0.456190779161476,0.200453925364638,3.85779295088288
0.456355198807595,0.199971363750813,3.86642352393121
0.456491655284109,0.199545426644551,3.87868397097693
0.456674483177159,0.199081871753391,3.88756419241169
0.456766355141084,0.198649052985703,3.90054788063556
0.456908315661331,0.198164260945055,3.91060741441192
0.457055081179552,0.197782965676440,3.92225549442117
0.457151870636008,0.197286548337609,3.93595392452265
0.457324366270900,0.196875825206312,3.94431117081993
0.457478826651381,0.196410988587495,3.95542797325960
0.457587157752148,0.195926766955479,3.96905566284732
0.457720122151756,0.195482482373421,3.97849409925667
0.457864119467961,0.195027626443838,3.98981148048980
0.457997026722666,0.194579337562885,4.00027890604566
0.458162891247059,0.194135832670436,4.00870274736724
0.458278950888873,0.193682938369272,4.02216382494330
0.458413036020645,0.193247372312433,4.03266066490158
0.458542999689752,0.192797502893669,4.04214968792083
0.458650042427986,0.192365054657758,4.05621500623470
0.458814904888353,0.191934137753240,4.06536152583463
0.458938559364459,0.191471002338708,4.07693270679952
0.459086412631077,0.191035904021942,4.08430441461108
0.459212054825904,0.190609117977520,4.09798039187880
0.459338246809162,0.190118112133102,4.10840849240346
0.459477681859148,0.189709563422022,4.11731196604467
0.459603005549445,0.189250449837107,4.12914235985052
0.459755554447424,0.188786083825062,4.13979180536265
0.459862035034678,0.188372768629165,4.15017463791114
0.459988740438880,0.187905479903276,4.15973424738621
0.460119976670596,0.187519514233574,4.17168761848486
0.460260430159930,0.187047056790874,4.18209987433937
0.460377251264696,0.186621319463045,4.19067583135551
0.460499952901263,0.186184658705908,4.20333187924567
0.460633435650144,0.185730437457381,4.21552663373867
0.460767268264767,0.185291162039445,4.22342343195252
0.460902344020601,0.184876990731319,4.23443185996961
0.461053587528501,0.184444464724834,4.24475902624612
0.461157818589562,0.183982523275283,4.25580981574451
0.461276402571091,0.183546973103096,4.26537572229307
0.461400966161760,0.183099864082965,4.27700742065497
0.461526222862658,0.182658368170166,4.28868259249961
0.461678235210575,0.182221299300517,4.29566662727696
0.461796757781818,0.181802191346723,4.30838741594008
0.461949842194504,0.181374883299512,4.31701859946972
0.462053458181103,0.180916514534965,4.32804660716859
0.462183321261495,0.180518973053976,4.33734666762648
0.462298646237135,0.180035700904376,4.34870606922152
0.462382940128306,0.179631094303251,4.35988750398579
0.462518081568083,0.179174697589356,4.36995192721382
0.462664167626489,0.178791762744896,4.37947301666609
0.462791561681773,0.178305887545287,4.38892065873218
0.462932122704812,0.177899786593486,4.40041005894072
0.463060975653452,0.177475118958786,4.41023193566588
0.463184707934495,0.177033859903439,4.41928892807071
0.463292707834445,0.176608490687465,4.43088292427208
0.463406241506216,0.176201567158345,4.44109440485222
0.463517901493620,0.175725549892017,4.45038932368158
0.463607922889964,0.175295600547369,4.46306176754583
0.463743746219240,0.174874182046130,4.47244898400611
0.463865195822977,0.174464385579281,4.48160353912150
0.463990932185278,0.174008445463523,4.49140674597601
0.464144422790497,0.173587734477746,4.50305893740826
0.464271218929703,0.173207947590363,4.51054541394232
0.464385308408668,0.172736700855562,4.52072381946286
0.464513508272711,0.172329332976749,4.53236709034978
0.464624417317360,0.171897039078452,4.54268983699908
0.464771202835540,0.171499458131053,4.55003865608401
0.464865650675435,0.171001066104866,4.56318192283685
0.464972776309216,0.170690704373981,4.57452294601192
0.465083548296267,0.170167328939781,4.58260583288983
0.465210665057069,0.169801884203205,4.59287665764263
0.465331858313058,0.169319029054435,4.60528073993402
0.465466882367513,0.168934066506933,4.61224783970478
0.465559699597935,0.168502055050855,4.62222719487295
0.465672413656409,0.168086315122096,4.63527812435805
0.465811450670660,0.167612383630814,4.64451981456572
0.465921211790733,0.167200283367936,4.65298094040454
0.466055850795126,0.166866704876161,4.66371243884074
0.466153561853432,0.166364828286820,4.67585825137991
0.466253699553855,0.165982479512946,4.68559975292651
0.466385042480549,0.165573476342164,4.69471757387635
0.466503380296473,0.165151499826363,4.70590166872300
0.466621111622274,0.164713053615188,4.71589655572263
0.466744801602330,0.164283456833429,4.72499458761798
0.466829032739646,0.163933786569066,4.73739653467099
0.466962616324353,0.163445104380197,4.74754167496888
0.467072069959941,0.163088292974911,4.75778728800591
0.467182005380229,0.162697061724322,4.76704744234686
0.467311022679626,0.162207455101308,4.77629378551401
0.467392367410455,0.161851529766990,4.79023193848842
0.467529984758130,0.161423174627565,4.79712173470061
0.467643590115670,0.160990762122025,4.80724944605326
0.467755153689238,0.160592736380792,4.81938858342018
0.467878029690090,0.160149422179979,4.82888612926702
0.467976789380006,0.159815178878671,4.83774209786776
0.468091984549322,0.159349656492310,4.84924552352923
0.468211615344068,0.158917715142435,4.86128432539994
0.468311119210638,0.158543012700716,4.86885872058605
0.468421900035564,0.158120366500916,4.87941912567229
0.468521689258771,0.157734090591876,4.89320186483422
0.468638823838656,0.157318329800215,4.90068742107198
0.468746724113363,0.156902918738057,4.90996479455097
0.468846277197047,0.156520771168207,4.92392486167104
0.468981035294157,0.156072540791596,4.93243644568843
0.469074503227784,0.155675656039416,4.94061260762839
0.469204399923751,0.155269018891925,4.95160472957435
0.469352428190609,0.154805594567862,4.96230198996788
0.469444532232524,0.154417812735157,4.97056403463374
0.469568054962780,0.154026368640117,4.98012095745448
0.469674087396351,0.153603143284074,4.99288624938371
0.469767990116566,0.153185480689968,5.00244835402491
0.469838733069023,0.152794065386310,5.01343788050082
0.469925087953625,0.152411024637633,5.02593964251820
0.470036172415860,0.151988789732457,5.03603087478339
0.470141432071876,0.151578728598520,5.04556514501000
0.470223281957034,0.151182389005031,5.05733571768002
0.470379042993624,0.150759690927291,5.06586916292576
0.470529010015921,0.150334724795631,5.07384782367371
0.470633940409260,0.149929761234624,5.08474856489246
0.470767977600145,0.149502611409955,5.09423390726159
0.470872323179304,0.149117854703711,5.10440851523572
0.470925205810388,0.148705245972171,5.11608661330653
0.471016899892558,0.148273820054411,5.12818795243799
0.471098486030559,0.147916646310306,5.13844026820986
0.471176045610578,0.147496297141010,5.14923662366760
0.471323499088938,0.147022874115565,5.15978692737010
0.471460250347953,0.146662504928422,5.16900025249253
0.471572297097667,0.146253062269793,5.17707935433061
0.471698510939800,0.145826736834372,5.18794840289697
0.471813730906936,0.145405992236145,5.19883699236582
0.471870263100674,0.145045004578200,5.20857251123204
0.471952116368476,0.144628651997125,5.21953619516111
0.472090473883649,0.144173625489609,5.23156262682334
0.472188666553179,0.143794287277365,5.24149044829620
0.472311178762399,0.143432217052673,5.24810475267495
0.472439751691310,0.143002091543117,5.25847357863132
0.472532021443727,0.142541257099443,5.27226305599308
0.472624900490019,0.142165499902942,5.28057036301139
0.472724583867751,0.141766102067795,5.29008652220200
0.472861754531237,0.141299948018406,5.30128075858161
0.472937279092075,0.140930569155952,5.31319640720665
0.473063376448063,0.140513744199749,5.32054364199410
0.473158852793016,0.140138264612588,5.33108809431523
0.473263277792869,0.139684362042442,5.34344161398048
0.473336464772047,0.139329083559083,5.35255482561992
0.473496530809187,0.138938433878177,5.35955341750090
0.473598541283850,0.138491955851625,5.37221556102792
0.473691541474358,0.138084167608353,5.38351707384731
0.473806969089229,0.137679792971374,5.39110114662973
0.473894160101422,0.137267187532738,5.40223316444807
0.473977944104482,0.136830321870998,5.41553504114786
0.474088950292726,0.136466467722718,5.42616114875577
0.474213272075643,0.136064977084327,5.43248548269657
0.474324148398410,0.135645455283404,5.44345950596849
0.474444897962393,0.135236343163757,5.45492700441752
0.474507050029936,0.134890687453541,5.46556935948008
0.474605853506079,0.134467228429371,5.47330794908028
0.474737538237876,0.134043461813164,5.48348808677757
0.474835786712465,0.133621993905000,5.49658175173164
0.474911317536082,0.133234870888044,5.50725188675179
0.475034267989287,0.132803856281542,5.51465296380234
0.475125889993889,0.132417299575186,5.52636547799616
0.475261476020527,0.132014369561020,5.53658505018196
0.475336552515754,0.131642323320934,5.54666154924286
0.475430361220879,0.131237162732064,5.55433904283074
0.475529078437818,0.130830590773850,5.56496289335930
0.475664420054629,0.130410292038237,5.57726610625786
0.475742360396682,0.129961951883246,5.58836735972351
0.475850669921002,0.129577084767205,5.59706338838936
0.475922817071918,0.129169735067417,5.60853181271665
0.476049000934216,0.128783551211421,5.61775119347572
0.476161315807082,0.128385788865060,5.62766628221367
0.476254008703254,0.127962292007404,5.63708479964439
0.476350465911487,0.127633800568913,5.64508115027547
0.476429684455128,0.127158236760609,5.65836768593070
0.476550042444771,0.126739891357460,5.66991969787648
0.476660390857322,0.126362977798708,5.67858374642630
0.476739499778708,0.125932705107842,5.68848407218574
0.476820431417298,0.125543044663714,5.69968471154643
0.476939711686457,0.125172409399471,5.70865049238035
0.477047086350688,0.124758176785980,5.72026684175567
0.477156342923492,0.124409980342651,5.72672599965647
0.477254563833872,0.123948802245869,5.73768068320961
0.477336855868782,0.123468901547731,5.75074006833558
0.477469544143893,0.123111796126290,5.76073505652441
0.477550632736107,0.122699972128137,5.77304111574364
0.477658601758621,0.122354057089175,5.77936442522544
0.477739762820286,0.121950882975494,5.78817130871033
0.477855840989887,0.121518878492208,5.79882285327859
0.477963535640048,0.121134821482708,5.81092019756776
0.478053537977856,0.120708750581794,5.82438600587453
0.478124956309020,0.120322224538653,5.83360937897485
0.478250578976199,0.119865734493009,5.84272344192639
0.478359243347944,0.119482166368608,5.85207466391455
0.478487309115518,0.119103639197141,5.86112117450049
0.478565052716119,0.118675283699855,5.87636741048950
0.478607096888951,0.118363763774221,5.88297202555908
0.478727466951650,0.117886574062565,5.89473169492013
0.478858943467897,0.117511462643656,5.90123694591456
0.478977567671497,0.117069167511953,5.91061873519401
0.479080777254617,0.116617288031893,5.92657032797229
0.479142001428647,0.116301285740806,5.93680058879183
0.479253123045113,0.115843715445504,5.94725897251569
0.479282834342875,0.115557098943723,5.95317279345934
0.479433804823239,0.115088562002530,5.96256499351685
0.479563692464644,0.114656418145749,5.97305650207363
0.479632160742494,0.114270841917536,5.98508732716200
0.479739470773767,0.113835886456798,5.99754138504674
0.479810907757528,0.113462842319653,6.00706840500379
0.479942021114270,0.113057414572795,6.01542108616582
0.480027096209994,0.112679133936917,6.02310266598522
0.480146751720025,0.112274457112484,6.03391305475610
0.480229985193927,0.111841841655828,6.04604471199754
0.480314384358096,0.111448396988013,6.05644321801687
0.480415409917997,0.111070869723999,6.06558975844341
0.480522976854760,0.110643370620315,6.07514456882668
0.480632601140289,0.110250779702915,6.08419954320846
0.480728798064558,0.109828821067102,6.09772286259117
0.480818264596430,0.109478144380204,6.10702617193448
0.480915400489837,0.109026613904458,6.11924010923240
0.480983641587987,0.108659784779718,6.12717099338148
0.481094144708360,0.108239954894390,6.13713915421842
0.481213538321069,0.107856436562726,6.14437703069981
0.481326502811952,0.107422319527954,6.15784238343542
0.481438908260421,0.107047516067317,6.16756772679927
0.481548170980214,0.106644515385410,6.17850511484206
0.481664113876501,0.106227988561928,6.19140148250173
0.481733848265206,0.105849411826027,6.20003771221169
0.481822973579180,0.105431444553045,6.20742637779492
0.481869643212986,0.105041340857117,6.21832992298842
0.481961004468551,0.104625220135868,6.22887263438899
0.482090241914249,0.104227981598207,6.23909846828430
0.482238777976265,0.103837628475389,6.24960937379638
0.482341940242103,0.103426595642074,6.26142231633729
0.482465056226916,0.103012491004791,6.27100263341142
0.482543006433933,0.102658878521045,6.27916896243332
0.482648288375804,0.102232298474189,0.00807755451831366
0.482708689291168,0.101833667343474,0.0184994902303873
0.482807416816732,0.101431357426874,0.0284571740170432
0.482900320672642,0.101031590180657,0.0389216195006499
0.482980045066628,0.100629307201404,0.0473661730754828
0.483038691795670,0.100202163752940,0.0588612754913100
0.483203020250416,0.0998144946384227,0.0685001513682486
0.483282736895003,0.0994252298444436,0.0793049844206517
0.483435695625707,0.0990072022940175,0.0910886583819859
0.483529733538067,0.0986281119982441,0.102065373801700
0.483652383244671,0.0982265496772561,0.110413216265122
0.483735344997623,0.0978497988694004,0.119427333436717
0.483858738986652,0.0974166936433077,0.132234733764741
0.483942207074914,0.0970749074181773,0.140031339967986
0.484063630516682,0.0966220740242701,0.152917356417430
0.484150191440175,0.0962555504553179,0.162747069959593
0.484269909725534,0.0958333565276920,0.175147842040580
0.484310947564261,0.0954569497638131,0.183636666095044
0.484425843643738,0.0950687796425599,0.192448977059099
0.484495850743461,0.0946977285891148,0.202086346578554
0.484607733944246,0.0942703957856492,0.213861402651843
0.484722008856606,0.0938829186212380,0.224410413451022
0.484838080564496,0.0935314699010097,0.234820763297886
0.484948836301543,0.0930790936186528,0.247823939292590
0.484995616786464,0.0926839288668000,0.256049565073080
0.485154756198322,0.0922932626072932,0.266783958682603
0.485233415082378,0.0919176716923072,0.275432827890863
0.485359081062478,0.0915159349900204,0.288343792822064
0.485446904842465,0.0911214134161128,0.298912391913527
0.485571238361054,0.0907364322014964,0.308725754904715
0.485623582467927,0.0903518568871069,0.315571880623039
0.485749613293075,0.0898708810127830,0.330579193454788
0.485850504580833,0.0895589188951530,0.337797913728167
0.485995665723196,0.0891735815305924,0.349670777139148
0.486045328207743,0.0887591674683477,0.359812201806950
0.486172543471608,0.0883507973846425,0.369830347393950
0.486257745352396,0.0879829486032832,0.378146884016681
0.486370274513602,0.0875856010249713,0.391336692255680
0.486479458144890,0.0871887824469459,0.401951074349723
0.486543337134725,0.0867863604299573,0.412132116476863
0.486662712686536,0.0864050210704428,0.422298572197840
0.486740648390821,0.0860241652725589,0.431308258439950
0.486847162910265,0.0855875689442489,0.442813818500867
0.486951050032309,0.0852416341828930,0.452597594730890
0.487069751406348,0.0848446225188788,0.464290171940924
0.487172157711121,0.0844494359319985,0.474588485628824
0.487270788430572,0.0840538493945101,0.484976736724510
0.487396138463962,0.0836271366445289,0.496832100856044
0.487478850217351,0.0832900128408015,0.504552363694857
0.487584737905012,0.0828737286870727,0.515378176926501
0.487686097528661,0.0824451738488584,0.527382109327902
0.487771360777301,0.0821211590800959,0.533908351078244
0.487888044309785,0.0817070211497461,0.546276031676829
0.487979577660752,0.0812799273477194,0.558138173192034
0.488107946634854,0.0809155523022969,0.567935065570403
0.488171194264434,0.0805106241562920,0.575513733433477
0.488276035201948,0.0801242084745768,0.586307045133197
0.488384851450029,0.0797221810971031,0.597623238016106
0.488495821489669,0.0793263680018782,0.608528144470587
0.488612789566996,0.0789733959762832,0.618909483902796
0.488694286225734,0.0785374007324755,0.629375401983147
0.488804861696619,0.0781138494718076,0.638581333564972
0.488895542630217,0.0777559294388072,0.648293563554818
0.489013162119785,0.0773581391842343,0.659557778938774
0.489125263132364,0.0769801362515150,0.672227744306311
0.489202196405204,0.0765674985293069,0.681180782131065
0.489297535957410,0.0761622520273406,0.690613833302366
0.489396839122045,0.0757700627952382,0.701731723675203
0.489517983012085,0.0754020805547476,0.713940674016637
0.489610176731718,0.0750124313028706,0.725045336371737
0.489697221023037,0.0745948461730186,0.735779413848805
0.489800501814473,0.0742028281932759,0.744651106598268
0.489899616388068,0.0738066170893763,0.754904770701246
0.490003720019205,0.0733860458977144,0.765652352047497
0.490100093570407,0.0729998157140034,0.775462726253443
0.490202690810985,0.0726482632717008,0.784865035319686
0.490310017190806,0.0722275507370364,0.795682346823720
0.490417674296383,0.0718354828453338,0.805160858395694
0.490513234946810,0.0714680370901492,0.814640093091008
0.490616808138669,0.0710914061688719,0.826105379142456
0.490719142284858,0.0706602937905884,0.836535263718202
0.490824435347942,0.0702753363121140,0.847059493717842
0.490895614908170,0.0698996320126437,0.855786909443566
0.491013103146943,0.0694650090198208,0.867966118131523
0.491107578771972,0.0690454070114567,0.879694012378627
0.491205121375734,0.0686977394048937,0.889014992851691
0.491311513933498,0.0683307542825748,0.899200208029086
0.491428379675629,0.0679014757463435,0.911565396330323
0.491519559385480,0.0675164686644351,0.921569976444956
0.491628883747996,0.0671828275939877,0.931058944544569
0.491725227817549,0.0667253425628083,0.938763244320377
0.491835736945289,0.0663458617590560,0.950585943815732
0.491940739866665,0.0659833563118314,0.961589658808216
0.492019166199663,0.0655886753752479,0.970271849105744
0.492109796855968,0.0651613791809524,0.980495020969040
0.492227383737840,0.0647622250227005,0.992587535118776
0.492324794799559,0.0643989948336821,1.00301356900778
0.492413392306695,0.0640241147336084,1.01341803670615
0.492522229497809,0.0636016343777460,1.02356856025159
0.492651394299475,0.0632326825678365,1.03593917854929
0.492745598398247,0.0628611768163928,1.04516935182737
0.492836734327032,0.0624950650331610,1.05348931760788
0.492951557159137,0.0620816772522587,1.06452488780597
0.493034453067298,0.0616597818186796,1.07490667554971
0.493110969719710,0.0612602683688133,1.08432298406925
0.493198989545644,0.0608979962581222,1.09425232046729
0.493309662688127,0.0604706157650009,1.10520676998075
0.493423128894763,0.0601051607057123,1.11689223392876
0.493538107150560,0.0597327054953981,1.12786679660029
0.493622472328360,0.0593506276871413,1.13473876307021
0.493762635201133,0.0589752565779764,1.14779444362892
0.493896846403906,0.0585649216404219,1.15946191232482
0.493991288400771,0.0581626216363046,1.16904619032099
0.494100074764824,0.0577818937347604,1.17968910666317
0.494195076067372,0.0574151720320851,1.19036207427296
0.494281484082855,0.0569855900538506,1.20077791799509
0.494354574750892,0.0565932092179746,1.20933664754582
0.494460882091344,0.0562604316436521,1.22075121106118
0.494532080303163,0.0558420212571663,1.22974860445131
0.494628043951316,0.0554122465849265,1.23924582540762
0.494752057323930,0.0550293058124727,1.24993915093321
0.494851482818792,0.0546240979894822,1.26123938202499
0.494965969064928,0.0542187731448121,1.27053002129896
0.495088370060100,0.0538648197179442,1.28120849276763
0.495187706641010,0.0535152821864158,1.29328962930020
0.495300369859728,0.0530935772701718,1.30405202860589
0.495396944020151,0.0527358727403301,1.31411818865959
0.495484263268072,0.0523271571368968,1.32492160629983
0.495586930102738,0.0519088308653878,1.33559411667498
0.495673614269414,0.0515292276198957,1.34402421400877
0.495796565624501,0.0511168437383198,1.35524091074017
0.495929992583585,0.0507641119348039,1.36552933705515
0.496020471320332,0.0503555741237553,1.37498232272256
0.496123441659584,0.0499644674910501,1.38650049039599
0.496227657952993,0.0496665642236941,1.39785997472978
0.496300927989845,0.0491785551018288,1.40772361619258
0.496429062462910,0.0487985876081703,1.41925340020972
0.496549174629907,0.0484213189901446,1.42977931142688
0.496636690992863,0.0479719936908128,1.43780851042053
0.496744617370396,0.0476790577103458,1.44750157428818
0.496821147816451,0.0472862674295569,1.45685924032532
0.496921576999086,0.0467925891582806,1.46721316748521
0.497054232844887,0.0465593804943376,1.48088332497011
0.497148606840652,0.0461046491173106,1.49140285931895
0.497237287855319,0.0456687080678711,1.50011166842558
0.497331626768945,0.0453477334578102,1.50949968238149
0.497444212133558,0.0448757428166578,1.51893976969284
0.497545477357650,0.0445541792641914,1.52824055963920
0.497657774399956,0.0441562239164962,1.53953844833119
0.497740710004010,0.0436994420857982,1.54911408412106
0.497850170264700,0.0434210898189155,1.56272575651468
0.497940948707786,0.0429663033799000,1.57277204367122
0.498027422041964,0.0425877969246114,1.57996124156142
0.498141970102063,0.0422333892638799,1.59117089455208
0.498245633120584,0.0418240834088423,1.60049107499532
0.498357707347068,0.0414506824469133,1.61097833356805
0.498458444817747,0.0410512987725560,1.62340141296151
0.498527457088878,0.0406710053976594,1.63178042364801
0.498624898367616,0.0402934293685859,1.64468637068674
0.498737808169641,0.0399325893568619,1.65429885195050
0.498826805667553,0.0394992271714463,1.66269752517767
0.498958546536550,0.0391631659707222,1.67402875708053
0.499051400018637,0.0386879353508547,1.68215330231783
0.499137478527635,0.0383339601330772,1.69431966001703
0.499244126178344,0.0379863889839843,1.70413549122426
0.499334887988914,0.0375406699530999,1.71667679874584
0.499455502616841,0.0372397814636817,1.72693784870205
0.499537213161084,0.0367528740390525,1.73536675588014
0.499612167515388,0.0364452341315313,1.74370329680633
0.499746359183681,0.0359814316402291,1.75476621464619
0.499831743311085,0.0356107692969035,1.76449977132921
0.499947518699199,0.0352355910846636,1.77624673950961
0.500038597614583,0.0348341087021714,1.78798674916171
0.500142300613426,0.0344882975462974,1.79799042731570
0.500248152850660,0.0340450356710216,1.80897564444028
0.500335182544353,0.0337194964863642,1.81701516133169
0.500447778468852,0.0332485853885858,1.82655600967238
0.500545998674440,0.0329254129883495,1.83658237166897
0.500672551044971,0.0325217788252980,1.84748127460749
0.500745711623663,0.0321609475834104,1.85816356215570
0.500821766442265,0.0317486654857619,1.86821124322852
0.500933607707371,0.0313867926569728,1.87953338151795
0.501025745143922,0.0310327958334769,1.88930243097970
0.501134921476330,0.0306160390264786,1.89861925444290
0.501219445644271,0.0302226671978433,1.90732650405318
0.501377234954441,0.0297926674780613,1.91841658155332
0.501487816839889,0.0294406575452716,1.93046815539681
0.501594230677492,0.0290358438546540,1.94110773226255
0.501660977629127,0.0286616205798436,1.95104873361888
0.501729540105850,0.0282804160326026,1.96114914995584
0.501857093374313,0.0278910024062220,1.97276955976302
0.501941401303047,0.0275371016342715,1.98147557545949
0.502046221747557,0.0270860882492378,1.98996859702414
0.502129069438430,0.0267252741956565,1.99908761541256
0.502259512157728,0.0263270401189138,2.01106456469028
0.502325250930587,0.0259826243492798,2.02016682463689
0.502430537243855,0.0255728454903545,2.03109888310818
0.502535971135634,0.0252158244517478,2.04300491517276
0.502648745340777,0.0247619838886751,2.05470843514255
0.502754930266086,0.0244353539985778,2.06349590758001
0.502891188540009,0.0239950010027563,2.07588735007031
0.502953123124656,0.0236181205950411,2.08281654290281
0.503092362502075,0.0232010224816504,2.09385677456296
0.503175470707198,0.0228885579253637,2.10418782707640
0.503281562220803,0.0224685162253408,2.11348672936323
0.503348802700677,0.0220832096263096,2.12317926122210
0.503479390435539,0.0217133477672276,2.13509034796909
0.503545885856391,0.0213864290920314,2.14548880304243
0.503655366787416,0.0209401127491037,2.15507474746643
0.503745387186620,0.0206062023512893,2.16582608875367
0.503875940840146,0.0201918241568370,2.17581577634146
0.503954196788396,0.0198559013310128,2.18527812147630
0.504082033609888,0.0194189883239980,2.19580846344404
0.504177705744284,0.0190621839614099,2.20521018038678
0.504268174055450,0.0186545569265725,2.21567510726948
0.504371659496755,0.0182807726404062,2.22710828815975
0.504450115132178,0.0179002354254416,2.23618990761210
0.504580017398346,0.0175373926115032,2.24889705532021
0.504653381829872,0.0171583678942310,2.25818823653020
0.504764895407190,0.0167703277441930,2.26953940667132
0.504834768886635,0.0164024760350041,2.27864599316132
0.504968275924151,0.0160506862669860,2.29073040351253
0.505072226640985,0.0156310093047304,2.29942177887665
0.505165344422840,0.0152648151571102,2.30927919639011
0.505272086866806,0.0148756343734202,2.31846916496586
0.505374082987541,0.0145150106811978,2.32951555948969
0.505460772185059,0.0141105467917663,2.33872356852622
0.505583999676668,0.0137309360606684,2.35062640257620
0.505653120936608,0.0133806770848097,2.35828437729876
0.505792086595585,0.0129776897256158,2.37291647230938
0.505854638608255,0.0126038965015485,2.38003983319480
0.505970209970169,0.0122342233529498,2.39276857619645
0.506051303842783,0.0118449622177259,2.40165988186458
0.506165429591000,0.0114734136167833,2.41262379816344
0.506274417083213,0.0110619928694104,2.42194156294049
0.506365515778789,0.0107190131618246,2.43344777873051
0.506455575825530,0.0103283263951712,2.44165199204781
0.506556707957458,0.00994814432453717,2.45213776236992
0.506677422856109,0.00953346907893547,2.46218280738305
0.506763182097279,0.00917224717752571,2.47087875705954
0.506884842797487,0.00878788276363658,2.48174899042032
0.506951738997680,0.00841199101810653,2.49246226997328
0.507073262695624,0.00803058302456870,2.50112231740641
0.507170706106010,0.00763596732284656,2.51226580038725
0.507259613667142,0.00727981218687161,2.52177710018389
0.507375624831633,0.00691110903465624,2.53343237142308
0.507443215938912,0.00648995787281445,2.54265242023727
0.507546058201159,0.00614561748381212,2.55363744786408
0.507640832431347,0.00575729632304469,2.56531619119643
0.507749914130665,0.00538464729874942,2.57538642818840
0.507839528265786,0.00498978870062114,2.58553135048964
0.507924439203888,0.00463569078727327,2.59603986544011
0.508028342345235,0.00422748362532244,2.60640800313200
0.508126229647312,0.00385204296057132,2.61681910393626
0.508210153369205,0.00350413501433890,2.62749195847556
0.508324391780597,0.00307940443769700,2.63661402129369
0.508416242869841,0.00277913722219697,2.64920678358594
0.508522645245769,0.00229396589412476,2.65601917172189
0.508588317165072,0.00200066445775269,2.66719340337290
0.508704638297181,0.00159972166691263,2.67829298534359
0.508807186400811,0.00121092554827420,2.68791436535470
0.508890391190314,0.000913705754827274,2.70101625984939
0.509023710939610,0.000402222193859994,2.70759706320192
0.509081846962701,0.000154976690055633,2.71820879974493
0.509211947751793,-0.000298202310551002,2.72885807665224
0.509308144892152,-0.000671161520355604,2.73958438097534
0.509378243216778,-0.000982000322177889,2.74998334953299
0.509487808933015,-0.00144632365368351,2.75916030472238
0.509550032325265,-0.00176148108780897,2.76789819558613
0.509689581995340,-0.00223688189088210,2.77748183337753
0.509784299109025,-0.00256557180793113,2.79059833160793
0.509854787119239,-0.00284607949479851,2.79980462395083
0.510007010621571,-0.00336678372710133,2.80904175022029
0.510050905302350,-0.00364935158963942,2.82064420450420
0.510194934293664,-0.00403917329730697,2.82993507276248
0.510278511788424,-0.00446563637522504,2.83978419394913
0.510334840587262,-0.00475842267417821,2.85014534397183
0.510501007315073,-0.00522945835003617,2.85951830458701
0.510567849186068,-0.00556123799530979,2.87085775810620
0.510631887637268,-0.00589316358342744,2.87920543909711
0.510748003116495,-0.00636074783781588,2.88777169326032
0.510821236786177,-0.00668315916874908,2.89978047501435
0.510937540536814,-0.00703789905007046,2.90998541944917
0.511041741469739,-0.00745049363877176,2.91864236927592
0.511118492277197,-0.00777084226484166,2.93155619760702
0.511242673409937,-0.00817296014577920,2.94078341763310
0.511340060625691,-0.00856379161243182,2.94987208433128
0.511417130451608,-0.00888107010827846,2.96326581822552
0.511501744554952,-0.00932800478449533,2.96914693164301
0.511616535538399,-0.00971351177229693,2.97918099762894
0.511689637653707,-0.0100341331197881,2.99148868851940
0.511793046640621,-0.0104457544880249,2.99893179119382
0.511929403916304,-0.0108414207764036,3.00963198739421
0.512003942631247,-0.0111486010728509,3.02150146123604
0.512100994845876,-0.0115449354194634,3.03099531051470
0.512235408635444,-0.0119340869592896,3.04154457025014
0.512310593905165,-0.0122613678910001,3.05290412146206
0.512412315234347,-0.0126777092862611,3.06074051612443
0.512476142083175,-0.0130699995421112,3.06866176098747
0.512578893438143,-0.0134241879888745,3.08151989621400
0.512689635208944,-0.0138046211963261,3.09094479860504
0.512750780854969,-0.0141969262469610,3.09901563822041
0.512858043226655,-0.0145445400297062,3.11242468317879
0.512927098996728,-0.0148840696698917,3.12424593184952
0.513003284638044,-0.0153091495862326,3.13240435456465
0.513132577985536,-0.0156719589181610,3.14405337595589
0.513221296173028,-0.0160336590981378,3.15373960812273
0.513338966892954,-0.0164482237610724,3.16493416044947
0.513454294710227,-0.0168160101101087,3.17160830645362
0.513551531426422,-0.0171731286190287,3.18322153903105
0.513659870573976,-0.0175454225468578,3.19681898761450
0.513752750693417,-0.0179130931970415,3.20216182161807
0.513845936061840,-0.0183040349259106,3.21434334672378
0.513905964075411,-0.0186701548125072,3.22706681584623
0.513965014095882,-0.0190775182685956,3.23373956338170
0.514031393289428,-0.0194292987536265,3.24821713668604
0.514159799126544,-0.0198225771791468,3.25239757875747
0.514239083543296,-0.0201770020960042,3.26493442654776
0.514372564924483,-0.0205396305567096,3.27620532982456
0.514485563236927,-0.0209261804571208,3.28347243809981
0.514586232158873,-0.0213095853018040,3.29645737902252
0.514657789223174,-0.0216467486037369,3.31092254617021
0.514783972712962,-0.0220338964047186,3.31845358315660
0.514830812039160,-0.0224467762743690,3.32860706690067
0.514938936581539,-0.0228120636079966,3.33677259169933
0.515017146905008,-0.0231398460723794,3.34942136035265
0.515123743945210,-0.0235481526457526,3.35799790320538
0.515237550325888,-0.0239006933397143,3.36567893241423
0.515300076989495,-0.0242460059606650,3.37809493229828
0.515383410011249,-0.0246794196368686,3.38796861535837
0.515551748832811,-0.0250079138570779,3.40064916126141
0.515637328905527,-0.0253967878453835,3.41116923321976
0.515687011299984,-0.0257669057388390,3.41980075922337
0.515829233901629,-0.0260770284033496,3.43251924113186
0.515877730734267,-0.0265167222706542,3.44236956692453
0.516030896836500,-0.0268939992965443,3.44900394460749
0.516047287593569,-0.0272147920107899,3.46080088855151
0.516115101812275,-0.0276784011312697,3.46950950694791
0.516299732733549,-0.0279704411670334,3.48229031147676
0.516405935581143,-0.0283741915374851,3.49453349777244
0.516471080778615,-0.0287657118499300,3.50056170766418
0.516556312007918,-0.0290759779851233,3.51368589936049
0.516609781520230,-0.0295202369259763,3.52212521178071
0.516767258078724,-0.0298699006439419,3.53150805832496
0.516828192167974,-0.0302264911051568,3.54285057279042
0.516937343287670,-0.0305953881173257,3.55123728443746
0.517004700166651,-0.0309335173819872,3.56424384376404
0.517099526630565,-0.0313844627673893,3.57363998308036
0.517210526462880,-0.0317336694642977,3.58295478011685
0.517280733378758,-0.0320982118449159,3.59435424672580
0.517385020594406,-0.0324533821055318,3.60193431388104
0.517471497672405,-0.0328136916470727,3.61511744236938
0.517585133701233,-0.0332047764810948,3.62323867718844
0.517681051125682,-0.0335629498747379,3.63357307871905
0.517755023098269,-0.0339766434135648,3.64136726315130
0.517837799559694,-0.0342818028961090,3.65326510831521
0.517943025724323,-0.0347039118703009,3.66301463287744
0.518058375394319,-0.0350249267394752,3.67511898637309
0.518144126388895,-0.0354848057250138,3.68042346287771
0.518227799326631,-0.0358175152544080,3.69243571945501
0.518299522668519,-0.0361777538168627,3.70067130564841
0.518406758401864,-0.0365477562376511,3.71267086597851
0.518506751527677,-0.0368961869984067,3.72656327734265
0.518610214486203,-0.0373345590050460,3.73202664035726
0.518689172188258,-0.0376775965137663,3.74090213061731
0.518773092807697,-0.0381024330980367,3.74821204174008
0.518858165157423,-0.0384249404826396,3.76026072356684
0.518973467373484,-0.0388088652248916,3.77453266265106
0.519071949796783,-0.0391636070785869,3.78143001760127
0.519160181005754,-0.0395712105255127,3.79168027973951
0.519245213135412,-0.0399571143645397,3.79658841283678
0.519316967682458,-0.0402921200683587,3.81130638702077
0.519431081238957,-0.0406670717793895,3.82011311677862
0.519512653619638,-0.0410471270767110,3.83223224633814
0.519582387601323,-0.0414114111111850,3.83870177830643
0.519705027141233,-0.0417823841298056,3.84666522354271
0.519793799392092,-0.0421164522626530,3.85563705405463
0.519879277568755,-0.0424912078829406,3.87039679347275
0.519994405992625,-0.0428633891480592,3.87771920160469
0.520028892402921,-0.0432864327052528,3.88936983530008
0.520151484261112,-0.0436244881244161,3.89509445716023
0.520257404912347,-0.0439907842959510,3.90825291271032
0.520318938070361,-0.0443847321835772,3.91686994894567
0.520412791066690,-0.0447766858057851,3.92789668130861
0.520530030173147,-0.0451201401709848,3.93518542355808
0.520600848469290,-0.0454820171579971,3.94569736430680
0.520692625313869,-0.0458669669611784,3.95451003426957
0.520788897660477,-0.0462413919293773,3.96329386439517
0.520841870553045,-0.0466631951953372,3.97461907376664
0.520977259996849,-0.0469959060177584,3.98201516989062
0.521061297426904,-0.0473534213925514,3.99169444924245
0.521130274528883,-0.0477211333880118,4.00120069088514
0.521184106061659,-0.0481268214684491,4.01354194398591
0.521348224936109,-0.0484424639261120,4.02041090656568
0.521434349833905,-0.0487794591436707,4.03035754854897
0.521500122051182,-0.0491925686060492,4.04014238320456
0.521562380138148,-0.0495602363414989,4.04937301582459
0.521665450013046,-0.0499141298229096,4.06037001097434
0.521777639821799,-0.0502678468119714,4.06967829808577
0.521855278363192,-0.0506757508377014,4.07857188437938
0.521967004706904,-0.0510567258943883,4.08442367190015
0.522081157444021,-0.0513863950692646,4.09523921070534
0.522173635844369,-0.0517402984760079,4.10619596606658
0.522231906695388,-0.0521233600332828,4.11658987735169
0.522305301350531,-0.0524713222931039,4.12387399354845
0.522396187761642,-0.0528585897620340,4.13553404787118
0.522511810871455,-0.0532099592490386,4.14411354901664
0.522576086562232,-0.0535916649351004,4.15554342815373
0.522700230917062,-0.0539896931742524,4.16174821796461
0.522783416954686,-0.0543159660356397,4.17395673810090
0.522883026624804,-0.0546750049334089,4.18255862402362
0.522939218967974,-0.0550351100234334,4.19392671900842
0.523033523836402,-0.0554191302326782,4.20176286772290
0.523132511271528,-0.0557713796407137,4.21260921670727
0.523211311678877,-0.0561034096714140,4.22158093864090
0.523305972137444,-0.0564964909790355,4.23010502902023
0.523389653673763,-0.0568505941851286,4.24160573571437
0.523515511899310,-0.0571970540289701,4.25134000962037
0.523595738204564,-0.0575420451933577,4.25918762306884
0.523698940702393,-0.0579451728926974,4.26492283703403
0.523776564969014,-0.0582938458107439,4.27722130612005
0.523861646680706,-0.0586598691755788,4.28994745132519
0.523931279781349,-0.0590427001786256,4.29840878724397
0.524027768481035,-0.0594157438654547,4.30502316999029
0.524116705405057,-0.0597605212662523,4.31891348514646
0.524240694703083,-0.0601100088552239,4.32713702302039
0.524307511302328,-0.0605275850190380,4.33529938039839
0.524386065205588,-0.0608498583370979,4.34404034293035
0.524484440092237,-0.0612090796517133,4.35789184370442
0.524578768260842,-0.0615404013000263,4.36600438465513
0.524669312706989,-0.0619430322304486,4.37198868386539
0.524767351463862,-0.0622711385088731,4.38337194798906
0.524869917119487,-0.0626160169634042,4.39367302545561
0.524936110299632,-0.0630156694102699,4.40381806954393
0.525028898949948,-0.0633335558532218,4.40826407496532
0.525104127425575,-0.0637666757809889,4.42395355738949
0.525198422519836,-0.0640527806045566,4.43160199852488
0.525266223683221,-0.0644578585581363,4.44125110951511
0.525357351104122,-0.0647897163395401,4.45072753369173
0.525442088017444,-0.0651213472175267,4.46095671174666
0.525530271169799,-0.0655353633407899,4.46972738077001
0.525602873408708,-0.0658377211212922,4.47863787246538
0.525674483943992,-0.0662281165186088,4.49232129017662
0.525760906478397,-0.0665238711463684,4.49892097667358
0.525849547563228,-0.0669392347484575,4.50769627251620
0.525928870572914,-0.0672624142941824,4.52048822421929
0.526016962414376,-0.0675788907148246,4.53024553630147
0.526113815695522,-0.0679806201645021,4.53722609890761
0.526157809134522,-0.0682785089790949,4.54703129430083
0.526251087353847,-0.0686796004071227,4.56023240341864
0.526331197467562,-0.0690289271160067,4.56955360377044
0.526431264037686,-0.0694000456028921,4.57504517590759
0.526514676077964,-0.0696866138871242,4.58571997101318
0.526599080863440,-0.0700436724497920,4.59745265196823
0.526688595833610,-0.0704406998816138,4.60477366127824
0.526746759757653,-0.0707534248106968,4.61470611217192
0.526825427540187,-0.0711779447019525,4.62632372117780
0.526912142818080,-0.0714714072104494,4.63547686161818
0.527005139736715,-0.0717891965032881,4.64330704227415
0.527093721971851,-0.0721755438708519,4.65498357773251
0.527166527681825,-0.0724809329642157,4.66351806064911
0.527237628530361,-0.0728853587595233,4.67262589573917
0.527320156372718,-0.0732268065313009,4.68432495827093
0.527380481052325,-0.0735244523133629,4.69597517309837
0.527468394748890,-0.0739427922277534,4.70149116558780
0.527557781969232,-0.0742231387663838,4.71032433069186
0.527627717900905,-0.0745696341486820,4.72681698680443
0.527709116885133,-0.0749644368370281,4.73240321628579
0.527756220711259,-0.0752458856972211,4.73943946273579
0.527852394203170,-0.0757108401729962,4.75163662459857
0.527919639449312,-0.0760169713146267,4.76445467557641
0.527989381458498,-0.0762865548839922,4.77131731491507
0.528094668486530,-0.0767048927689339,4.77772357522734
0.528161665075506,-0.0770020538762514,4.79210285734437
0.528219004610950,-0.0773444898741118,4.80336694502764
0.528291601814873,-0.0777436004429447,4.80920637321453
0.528351907600186,-0.0780421726372765,4.82086941833465
0.528439269605324,-0.0784080205469293,4.83169342041126
0.528521628043313,-0.0787580810797337,4.83829521423412
0.528596649079026,-0.0791129199106876,4.84790985860722
0.528669097423490,-0.0794649410686421,4.85800431408559
0.528753575001174,-0.0797815502381701,4.86718265905512
0.528794872082438,-0.0801169630553204,4.87703271418376
0.528874861832882,-0.0805045518081765,4.88754031675177
0.528953768855834,-0.0808027733244915,4.89806771003284
0.529026012061518,-0.0811074779281177,4.90526021525418
0.529094316806220,-0.0814764569804043,4.91356747578888
0.529153737859419,-0.0818103190672018,4.92656971563261
0.529209371396118,-0.0821550171869261,4.93780768072731
0.529286780296560,-0.0824958530064472,4.94365759654490
0.529344038528158,-0.0828237205435219,4.95352204461427
0.529413839233359,-0.0831714693154065,4.96677963670263
0.529481131928922,-0.0835311909726286,4.97489153221881
0.529532070746895,-0.0838741923388159,4.98323375371552
0.529586535341512,-0.0841878768000351,4.99385861640967
0.529666522974172,-0.0845722190161273,5.00485255455919
0.529737591925039,-0.0849188333548344,5.01353503659331
0.529793760564046,-0.0852161888121607,5.02231081267038
0.529875565989382,-0.0855416825343383,5.03311932488368
0.529961863159379,-0.0859188839663928,5.04092853611454
0.530014915136328,-0.0862297823709531,5.05147445156206
0.530088688920014,-0.0865825534533715,5.06117334306425
0.530155371961480,-0.0869272838917662,5.07098796925095
0.530235328581476,-0.0872482904929243,5.07905708671822
0.530283715874875,-0.0875427636440711,5.08888508201962
0.530336683515455,-0.0879232355169654,5.10156081211639
0.530415208277024,-0.0883004125724201,5.10968855837601
0.530475475470153,-0.0886312084486271,5.11934998007380
0.530525088933311,-0.0889077760896012,5.12866041190040
0.530595794354263,-0.0892442468787299,5.13890786613002
0.530678755844143,-0.0895936824235884,5.14730533897164
0.530758680108018,-0.0899208044036620,5.15755069012754
0.530780927461094,-0.0902335688763929,5.16767852864252
0.530826358836517,-0.0905644900001287,5.17799451282653
0.530887871164807,-0.0908955577916470,5.18748328936994
0.530968571293037,-0.0912363529855652,5.19800805733564
0.530982668999132,-0.0915707184911899,5.20976973100430
0.531054867383080,-0.0918921826886708,5.21879040701274
0.531135642267942,-0.0922275490334619,5.22599597473838
0.531228686943750,-0.0925697947059407,5.23604260688284
0.531283660207101,-0.0928966719084390,5.24658372157990
0.531339209501733,-0.0932262701774031,5.25577898503759
0.531415688061598,-0.0935601521791976,5.26347589051919
0.531464968838634,-0.0939086158534498,5.27484602225556
0.531516651574004,-0.0942254161023897,5.28542750757587
0.531564356136521,-0.0945662413330667,5.29506276091560
0.531592675886051,-0.0948984633620815,5.30641854889098
0.531670270103158,-0.0952545251932986,5.31529027652098
0.531703965574491,-0.0955479505421556,5.32569522999962
0.531815654471516,-0.0958920157500427,5.33452300568222
0.531867592917131,-0.0962188843063439,5.34361439538845
0.531941426735209,-0.0965784972170279,5.35325073724272
0.531967248283292,-0.0968584793072412,5.36373342781916
0.532002775577825,-0.0971850876312881,5.37452765929340
0.532091853477487,-0.0975096008771220,5.38319156534757
0.532119265769829,-0.0978339367593899,5.39441158397248
0.532238039922625,-0.0982001907631870,5.40173253620733
0.532232908392926,-0.0984794694369602,5.41275966860403
0.532295701160446,-0.0988215874357258,5.42450103943539
0.532346991645419,-0.0991173070540681,5.43354332025974
0.532422623598458,-0.0994809080833366,5.44235363311563
0.532526265130707,-0.0998247654893504,5.45041115145522
0.532554687838442,-0.100114734331275,5.46112205473085
0.532626864635827,-0.100457520328143,5.47199857656061
0.532642425825387,-0.100763785253952,5.48284876360172
0.532714859150889,-0.101096268031595,5.49172796201728
0.532794879620662,-0.101462930204619,5.50015444702612
0.532817356395845,-0.101738164996014,5.51098139764525
0.532916821090222,-0.102087590117379,5.52024377013309
0.532926326273718,-0.102397131806352,5.53300903783609
0.532991838145050,-0.102689270836573,5.54072888197809
0.533046507711980,-0.103052328676641,5.55141979325859
0.533102628506703,-0.103367122700922,5.56062782811203
0.533161239394589,-0.103696466542312,5.57061022882369
0.533237106490264,-0.104018435707359,5.57978517627004
0.533281124471058,-0.104301783707681,5.59072342536107
0.533327986354413,-0.104636851993262,5.60118917552545
0.533376543073418,-0.104975821573793,5.61046235759412
0.533432017499473,-0.105283843562482,5.62069772680980
0.533507108116375,-0.105617772401382,5.63019164358786
0.533558981379126,-0.105947573815668,5.64108639694427
0.533628843042756,-0.106248941851620,5.65037378452602
0.533669814622826,-0.106580477069918,5.66089993398312
0.533689958329731,-0.106852744859817,5.67176563652888
0.533786820046379,-0.107213759472848,5.68052891712647
0.533849414941647,-0.107548843568224,5.69081984889907
0.533912989283032,-0.107868640089445,5.69981255675784
0.533933212805483,-0.108160133320350,5.70942087130328
0.533990005749954,-0.108499629638965,5.71973118634545
0.534025513927824,-0.108822042224074,5.73098536063029
0.534089506440423,-0.109121293681370,5.73888890081440
0.534137550358319,-0.109449604141540,5.75074701673873
0.534214679096903,-0.109805032519428,5.76185722442405
0.534247107341985,-0.110104091691809,5.77003006564073
0.534295506135478,-0.110379392542935,5.77708289616846
0.534344595550429,-0.110759439851699,5.79039273265569
0.534375710362687,-0.111059635005134,5.80145207284669
0.534439678438074,-0.111332363198116,5.80868704258445
0.534532524898606,-0.111736596511984,5.81993448791799
0.534597580824006,-0.112030015498885,5.82861346053809
0.534621396002865,-0.112307349089143,5.83648034245436
0.534675608306506,-0.112699785179353,5.84767310621960
0.534721585292717,-0.112991642956021,5.85746082022882
0.534788049785163,-0.113283377028528,5.86856982317707
0.534834310224755,-0.113664172463387,5.88249601821530
0.534905837717139,-0.113930670360149,5.88980058121853
0.534941171436557,-0.114256631047633,5.90079575688617
0.535016691738270,-0.114646513537810,5.91076407803993
0.535043301703274,-0.114915404113009,5.91564714990781
0.535094424779360,-0.115178937264955,5.92222142489812
0.535157957216572,-0.115568315604670,5.93567392546765
0.535180795007365,-0.115865164918071,5.94592645425571
0.535219103216183,-0.116109167186412,5.95378286844063
0.535326458748732,-0.116539546669155,5.96910067943700
0.535329815245010,-0.116792476341071,5.97628438931406
0.535330825457106,-0.117029103744395,5.98184931925985
0.535436870595023,-0.117446310949267,5.99248039098895
0.535470789912759,-0.117688912914296,5.99497782642576
0.535479970909920,-0.117969564475801,6.00102310709887
0.535565697039678,-0.118397092164707,6.01661207107014
0.535566362013962,-0.118631396225474,6.02553507779987
0.535599819749370,-0.118879025465561,6.03126797140623
0.535691438720926,-0.119298285836506,6.04531252295154
0.535653363908931,-0.119540621533079,6.05299660807231
0.535717556799620,-0.119789255832029,6.05941720438543
0.535788446308858,-0.120221270104008,6.07129090210305
0.535801811017984,-0.120435563575381,6.07407057612134
0.535834361476964,-0.120773087689694,6.08110247334881
0.535879464173185,-0.121132217419289,6.09444633410624
0.535928152602457,-0.121354307049953,6.10048516668963
0.535984364858044,-0.121675114770071,6.10972271553483
0.536055775523184,-0.122008854246526,6.11948156911015
0.536048007585007,-0.122270520404711,6.12629090429199
0.536104713956436,-0.122596333795206,6.13544776027426
0.536156856357719,-0.122907649603753,6.14429584198800
0.536177559794845,-0.123177655249792,6.15020413895200
0.536227544343942,-0.123482452493191,6.15878804854185
0.536232914012223,-0.123813316904789,6.16876779499545
0.536253745057725,-0.124114653549675,6.17953869938309
0.536305578714639,-0.124445546759613,6.19015524790224
0.536351022851062,-0.124708164971641,6.19739540394088
0.536392921837026,-0.125019041174211,6.20322185857978
0.536432870209468,-0.125326874890189,6.21062923121010
0.536464068319739,-0.125639021892124,6.21973211773629
0.536491896324581,-0.125948897303790,6.22703141949717
0.536546199312828,-0.126210264268538,6.23537780741552
0.536566006182695,-0.126551759274042,6.24488609300282
0.536607129130077,-0.126834296360613,6.25408532552996
0.536639141805530,-0.127107696014068,6.26026517970356
0.536694230179777,-0.127464142007882,6.27072632068095
0.536759771658209,-0.127710316507074,6.27644466096086
0.536776701430689,-0.128020913142359,0.00236039957158223
0.536802132594763,-0.128328283490484,0.0119645626435821
0.536841268333646,-0.128631327001932,0.0204362879119953
0.536861518054822,-0.128931871125159,0.0291193487100935
0.536910179021829,-0.129195181557667,0.0371045472053638
0.536973769448458,-0.129468713823361,0.0453187822927935
0.536998741903499,-0.129791743381768,0.0513202211239285
0.537029514433952,-0.130127565216450,0.0611413672958025
0.537068270130176,-0.130379320875273,0.0671458295404809
0.537091340663238,-0.130652597977314,0.0740101918499051
0.537117344238927,-0.130939823581961,0.0821395229990654
0.537164136533622,-0.131227924674280,0.0903342238118761
0.537191988678533,-0.131535394665226,0.0979583658476095
0.537222546672459,-0.131830233881892,0.106714610422469
0.537243340184807,-0.132107827068894,0.113440068994727
0.537295002274399,-0.132406704397555,0.122272438506987
0.537299720377963,-0.132688148725079,0.128695280238133
0.537311484805675,-0.132935935744913,0.134347950911589
0.537353778342403,-0.133255396047739,0.143328355323335
0.537389945309843,-0.133544540813415,0.151806734523432
0.537402922757810,-0.133779880617369,0.157274689079488
0.537453295647081,-0.134117065863084,0.166757454065631
0.537462065253699,-0.134394922259773,0.175957492454311
0.537506819813538,-0.134682856572403,0.182990648436899
0.537516911299509,-0.134961250618814,0.190551761693147
0.537513327959588,-0.135240520874527,0.197142413614619
0.537588597902202,-0.135499994220921,0.203558176611848
0.537580679447706,-0.135825061335948,0.212728089905842
0.537579433598762,-0.136093803760431,0.217910711136650
