NO_OF_FRAMES	1819
NO_OF_CAMERAS	2
NO_OF_MARKERS	2
FREQUENCY	500
NO_OF_ANALOG	0
ANALOG_FREQUENCY	0
DESCRIPTION	--
TIME_STAMP	2023-09-23, 10:54:07.222	120328.60899060
DATA_INCLUDED	3D
MARKER_NAMES	b	a
TRAJECTORY_TYPES	Measured	Measured
b X	b Y	b Z	a X	a Y	a Z	
557.196	80.018	400.965	-442.427	50.719	397.579
557.189	80.040	400.948	-442.457	50.741	397.554
557.189	80.047	400.949	-442.457	50.734	397.555
557.184	80.049	400.933	-442.460	50.745	397.571
557.188	80.054	400.948	-442.465	50.743	397.590
557.188	80.054	400.948	-442.460	50.745	397.571
557.179	80.052	400.957	-442.464	50.743	397.589
557.174	80.061	400.942	-442.460	50.752	397.570
557.174	80.061	400.942	-442.459	50.746	397.570
557.173	80.068	400.941	-442.459	50.718	397.572
557.174	80.047	400.942	-442.458	50.732	397.570
557.179	80.059	400.958	-442.449	50.732	397.579
557.165	80.053	400.950	-442.448	50.725	397.578
557.165	80.059	400.951	-442.449	50.725	397.580
557.171	80.044	400.967	-442.448	50.725	397.578
557.171	80.044	400.967	-442.448	50.718	397.579
557.155	80.051	400.960	-442.452	50.715	397.597
557.156	80.045	400.961	-442.449	50.711	397.580
557.163	80.036	400.978	-442.448	50.718	397.579
557.151	80.046	400.945	-442.448	50.705	397.580
557.151	80.040	400.945	-442.448	50.718	397.579
557.143	80.025	400.956	-442.448	50.705	397.580
557.143	80.032	400.955	-442.448	50.698	397.581
557.143	80.025	400.956	-442.448	50.705	397.580
557.143	80.018	400.955	-442.444	50.707	397.561
557.134	80.023	400.965	-442.447	50.711	397.579
557.129	80.025	400.950	-442.445	50.707	397.563
557.130	80.012	400.950	-442.445	50.714	397.562
557.134	80.023	400.965	-442.450	50.718	397.580
557.129	80.019	400.949	-442.446	50.727	397.561
557.113	80.033	400.942	-442.450	50.738	397.579
557.114	80.019	400.943	-442.446	50.734	397.562
557.114	80.019	400.943	-442.446	50.734	397.562
557.114	80.026	400.943	-442.446	50.741	397.561
557.108	80.035	400.927	-442.447	50.754	397.560
557.108	80.028	400.926	-442.433	50.763	397.549
557.103	80.032	400.949	-442.437	50.754	397.569
557.100	80.026	400.937	-442.438	50.767	397.568
557.100	80.026	400.937	-442.438	50.774	397.567
557.090	80.018	400.945	-442.434	50.777	397.549
557.100	80.013	400.937	-442.435	50.783	397.549
557.090	80.018	400.945	-442.438	50.781	397.568
557.091	80.012	400.947	-442.438	50.781	397.568
557.090	80.018	400.945	-442.429	50.780	397.576
557.082	80.010	400.956	-442.425	50.790	397.557
557.081	80.011	400.954	-442.426	50.789	397.558
557.088	80.008	400.971	-442.426	50.803	397.556
557.081	80.011	400.954	-442.427	50.803	397.558
557.082	80.004	400.955	-442.420	50.800	397.583
557.082	80.004	400.955	-442.426	50.796	397.557
557.074	79.995	400.965	-442.420	50.793	397.584
557.074	79.995	400.965	-442.413	50.798	397.547
557.074	79.989	400.965	-442.417	50.802	397.566
557.073	80.002	400.964	-442.416	50.803	397.565
557.074	79.989	400.965	-442.417	50.809	397.565
557.065	79.994	400.975	-442.417	50.802	397.566
557.065	79.988	400.974	-442.417	50.802	397.566
557.059	79.989	400.958	-442.417	50.809	397.565
557.056	79.986	400.983	-442.414	50.818	397.547
557.056	79.986	400.983	-442.415	50.812	397.548
557.050	79.988	400.967	-442.419	50.816	397.567
557.044	79.997	400.951	-442.429	50.816	397.558
557.045	79.990	400.952	-442.418	50.816	397.566
557.045	79.990	400.952	-442.419	50.822	397.566
557.036	79.989	400.961	-442.428	50.823	397.557
557.035	79.982	400.960	-442.427	50.816	397.557
557.035	79.982	400.960	-442.428	50.803	397.559
557.036	79.975	400.961	-442.422	50.806	397.585
557.026	79.981	400.969	-442.428	50.803	397.559
557.021	79.983	400.954	-442.417	50.802	397.566
557.026	79.981	400.969	-442.417	50.782	397.568
557.021	79.969	400.954	-442.421	50.779	397.586
557.020	79.976	400.953	-442.420	50.766	397.586
557.020	79.976	400.953	-442.419	50.759	397.586
557.011	79.975	400.962	-442.416	50.755	397.569
557.006	79.977	400.947	-442.415	50.748	397.568
557.011	79.968	400.962	-442.414	50.735	397.569
557.012	79.961	400.963	-442.405	50.727	397.578
557.006	79.957	400.946	-442.415	50.708	397.571
557.006	79.957	400.946	-442.404	50.700	397.579
556.997	79.955	400.956	-442.414	50.694	397.572
556.997	79.955	400.956	-442.412	50.688	397.570
556.997	79.949	400.955	-442.412	50.681	397.571
556.997	79.949	400.955	-442.412	50.681	397.571
556.996	79.949	400.953	-442.412	50.661	397.573
556.989	79.934	400.964	-442.411	50.654	397.572
556.988	79.941	400.963	-442.407	50.656	397.554
556.988	79.941	400.963	-442.406	50.650	397.554
556.982	79.943	400.948	-442.406	50.636	397.554
556.982	79.949	400.948	-442.406	50.636	397.554
556.968	79.936	400.942	-442.405	50.630	397.554
556.974	79.941	400.959	-442.404	50.623	397.553
556.969	79.929	400.944	-442.404	50.630	397.552
556.975	79.934	400.960	-442.402	50.603	397.554
556.971	79.929	400.946	-442.400	50.605	397.537
556.961	79.935	400.954	-442.399	50.619	397.535
556.962	79.934	400.956	-442.402	50.596	397.553
556.962	79.934	400.956	-442.392	50.603	397.561
556.963	79.921	400.956	-442.388	50.585	397.544
556.953	79.933	400.965	-442.397	50.585	397.536
556.953	79.933	400.965	-442.390	50.582	397.561
556.954	79.926	400.966	-442.386	50.592	397.542
556.948	79.928	400.950	-442.373	50.580	397.532
556.949	79.935	400.951	-442.386	50.592	397.542
556.938	79.934	400.958	-442.374	50.580	397.534
556.940	79.933	400.960	-442.373	50.587	397.533
556.938	79.934	400.958	-442.367	50.584	397.558
556.940	79.926	400.961	-442.367	50.591	397.559
556.939	79.927	400.960	-442.363	50.587	397.540
556.935	79.937	400.984	-442.357	50.584	397.567
556.925	79.934	400.954	-442.355	50.586	397.550
556.926	79.927	400.955	-442.357	50.584	397.567
556.931	79.932	400.969	-442.353	50.586	397.548
556.931	79.932	400.969	-442.348	50.596	397.575
556.921	79.937	400.978	-442.348	50.596	397.575
556.916	79.939	400.964	-442.355	50.606	397.548
556.921	79.937	400.978	-442.345	50.613	397.556
556.915	79.939	400.962	-442.337	50.612	397.566
556.915	79.946	400.963	-442.341	50.629	397.582
556.909	79.955	400.946	-442.337	50.632	397.564
556.914	79.953	400.962	-442.339	50.645	397.565
556.900	79.953	400.955	-442.340	50.659	397.564
556.900	79.953	400.955	-442.331	50.645	397.575
556.890	79.959	400.963	-442.331	50.665	397.573
556.890	79.959	400.963	-442.329	50.695	397.554
556.884	79.961	400.948	-442.319	50.694	397.562
556.885	79.967	400.948	-442.331	50.714	397.555
556.878	79.970	400.931	-442.312	50.713	397.572
556.884	79.974	400.947	-442.319	50.730	397.545
556.883	79.968	400.947	-442.314	50.727	397.573
556.868	79.982	400.940	-442.310	50.736	397.554
556.868	79.982	400.940	-442.305	50.753	397.579
556.873	79.987	400.954	-442.306	50.753	397.580
556.867	80.002	400.938	-442.303	50.789	397.560
556.865	80.002	400.936	-442.303	50.783	397.561
556.857	80.008	400.946	-442.305	50.803	397.561
556.856	80.001	400.946	-442.291	50.812	397.550
556.857	80.008	400.946	-442.292	50.818	397.550
556.851	80.009	400.931	-442.292	50.818	397.550
556.851	80.023	400.930	-442.280	50.834	397.540
556.847	80.013	400.954	-442.279	50.841	397.539
556.840	80.022	400.938	-442.280	50.847	397.540
556.841	80.029	400.938	-442.271	50.847	397.548
556.841	80.035	400.939	-442.271	50.854	397.547
556.840	80.035	400.937	-442.271	50.847	397.548
556.831	80.041	400.947	-442.270	50.860	397.546
556.831	80.041	400.947	-442.268	50.863	397.529
556.825	80.043	400.932	-442.256	50.856	397.536
556.825	80.043	400.932	-442.256	50.856	397.536
556.831	80.041	400.947	-442.267	50.863	397.528
556.816	80.041	400.941	-442.271	50.854	397.547
556.817	80.048	400.942	-442.257	50.862	397.536
556.817	80.048	400.942	-442.260	50.833	397.556
556.817	80.048	400.942	-442.260	50.846	397.555
556.817	80.054	400.942	-442.246	50.855	397.543
556.807	80.053	400.950	-442.260	50.833	397.556
556.807	80.060	400.950	-442.249	50.826	397.564
556.807	80.060	400.950	-442.260	50.833	397.556
556.798	80.059	400.960	-442.260	50.833	397.556
556.791	80.067	400.943	-442.250	50.819	397.565
556.791	80.067	400.943	-442.254	50.809	397.584
556.786	80.069	400.927	-442.260	50.826	397.557
556.791	80.081	400.943	-442.250	50.812	397.566
556.785	80.083	400.927	-442.260	50.812	397.557
556.782	80.079	400.952	-442.250	50.819	397.565
556.776	80.081	400.936	-442.262	50.803	397.575
556.782	80.073	400.951	-442.259	50.799	397.558
556.776	80.081	400.936	-442.262	50.790	397.576
556.776	80.081	400.936	-442.258	50.799	397.556
556.767	80.080	400.945	-442.258	50.792	397.557
556.768	80.067	400.946	-442.262	50.790	397.576
556.762	80.068	400.930	-442.261	50.783	397.575
556.762	80.068	400.930	-442.257	50.779	397.558
556.768	80.073	400.947	-442.266	50.780	397.548
556.753	80.067	400.939	-442.255	50.772	397.556
556.754	80.060	400.941	-442.257	50.772	397.557
556.748	80.062	400.923	-442.265	50.773	397.548
556.754	80.054	400.940	-442.264	50.759	397.548
556.748	80.055	400.924	-442.269	50.757	397.568
556.748	80.062	400.923	-442.264	50.759	397.548
556.739	80.054	400.933	-442.255	50.752	397.558
556.740	80.041	400.934	-442.264	50.746	397.549
556.740	80.041	400.934	-442.266	50.752	397.551
556.740	80.041	400.934	-442.265	50.746	397.550
556.725	80.035	400.927	-442.255	50.745	397.559
556.724	80.042	400.926	-442.262	50.727	397.596
556.725	80.035	400.927	-442.264	50.732	397.551
556.725	80.035	400.927	-442.255	50.732	397.559
556.726	80.028	400.928	-442.255	50.732	397.559
556.717	80.026	400.937	-442.255	50.711	397.561
556.716	80.027	400.935	-442.251	50.727	397.542
556.710	80.029	400.920	-442.256	50.738	397.560
556.717	80.020	400.936	-442.250	50.735	397.586
556.708	80.019	400.945	-442.255	50.732	397.559
556.703	80.014	400.931	-442.254	50.739	397.558
556.703	80.014	400.931	-442.255	50.732	397.559
556.704	80.007	400.932	-442.249	50.729	397.586
556.701	80.003	400.957	-442.245	50.731	397.568
556.695	80.005	400.941	-442.255	50.732	397.559
556.695	80.005	400.941	-442.249	50.742	397.584
556.696	79.998	400.943	-442.244	50.745	397.564
556.696	79.998	400.943	-442.245	50.745	397.566
556.687	79.997	400.952	-442.244	50.731	397.566
556.687	79.997	400.952	-442.244	50.752	397.565
556.688	79.990	400.953	-442.235	50.751	397.573
556.679	79.989	400.962	-442.234	50.745	397.573
556.688	79.990	400.953	-442.234	50.745	397.573
556.673	79.991	400.947	-442.231	50.754	397.555
556.673	79.984	400.946	-442.235	50.744	397.574
556.672	79.991	400.945	-442.244	50.745	397.564
556.664	79.983	400.955	-442.234	50.731	397.573
556.664	79.976	400.954	-442.234	50.751	397.572
556.664	79.976	400.954	-442.234	50.745	397.573
556.663	79.970	400.953	-442.230	50.747	397.555
556.663	79.970	400.953	-442.235	50.731	397.575
556.664	79.963	400.955	-442.244	50.745	397.564
556.651	79.957	400.949	-442.231	50.727	397.557
556.649	79.970	400.947	-442.231	50.740	397.556
556.650	79.963	400.948	-442.230	50.734	397.555
556.649	79.964	400.946	-442.241	50.741	397.548
556.635	79.957	400.941	-442.245	50.718	397.568
556.634	79.964	400.940	-442.241	50.727	397.549
556.635	79.957	400.941	-442.241	50.727	397.549
556.626	79.950	400.950	-442.241	50.720	397.550
556.634	79.964	400.940	-442.245	50.731	397.568
556.626	79.956	400.950	-442.236	50.724	397.577
556.620	79.958	400.935	-442.245	50.731	397.568
556.620	79.951	400.934	-442.231	50.733	397.557
556.611	79.957	400.944	-442.242	50.747	397.549
556.611	79.957	400.944	-442.242	50.747	397.549
556.611	79.964	400.943	-442.238	50.750	397.531
556.611	79.957	400.944	-442.242	50.747	397.549
556.611	79.964	400.943	-442.242	50.747	397.549
556.596	79.964	400.936	-442.242	50.747	397.549
556.605	79.965	400.927	-442.232	50.760	397.555
556.601	79.969	400.951	-442.231	50.754	397.555
556.601	79.962	400.952	-442.232	50.747	397.556
556.596	79.964	400.936	-442.228	50.763	397.537
556.587	79.963	400.946	-442.233	50.754	397.556
556.587	79.963	400.946	-442.232	50.760	397.555
556.586	79.970	400.945	-442.222	50.760	397.562
556.587	79.963	400.946	-442.223	50.753	397.565
556.578	79.961	400.955	-442.222	50.767	397.563
556.578	79.961	400.955	-442.222	50.753	397.563
556.577	79.968	400.954	-442.227	50.757	397.582
556.578	79.961	400.955	-442.223	50.753	397.565
556.578	79.955	400.954	-442.211	50.768	397.555
556.568	79.967	400.963	-442.224	50.760	397.565
556.562	79.962	400.947	-442.213	50.759	397.572
556.568	79.960	400.962	-442.216	50.766	397.574
556.552	79.968	400.955	-442.225	50.766	397.566
556.548	79.963	400.940	-442.220	50.769	397.546
556.553	79.961	400.956	-442.215	50.773	397.573
556.553	79.961	400.956	-442.211	50.775	397.555
556.543	79.973	400.965	-442.221	50.776	397.546
556.553	79.961	400.956	-442.216	50.786	397.573
556.543	79.967	400.964	-442.220	50.777	397.592
556.538	79.975	400.949	-442.212	50.789	397.554
556.537	79.982	400.948	-442.212	50.789	397.554
556.528	79.981	400.957	-442.217	50.793	397.573
556.523	79.989	400.942	-442.213	50.802	397.554
556.522	79.996	400.941	-442.213	50.802	397.554
556.523	79.989	400.942	-442.214	50.809	397.554
556.522	79.996	400.941	-442.214	50.815	397.555
556.507	79.996	400.935	-442.214	50.815	397.555
556.506	80.017	400.933	-442.214	50.822	397.554
556.507	80.010	400.934	-442.223	50.830	397.544
556.506	80.017	400.933	-442.219	50.826	397.572
556.498	80.009	400.944	-442.214	50.822	397.554
556.497	80.015	400.942	-442.224	50.836	397.545
556.497	80.015	400.942	-442.224	50.809	397.547
556.491	80.017	400.927	-442.225	50.823	397.547
556.490	80.024	400.926	-442.223	50.823	397.545
556.491	80.017	400.927	-442.224	50.809	397.547
556.476	80.025	400.919	-442.224	50.816	397.546
556.485	80.026	400.910	-442.223	50.802	397.547
556.477	80.018	400.921	-442.227	50.800	397.565
556.476	80.025	400.919	-442.222	50.796	397.546
556.468	80.023	400.931	-442.226	50.786	397.565
556.461	80.025	400.913	-442.216	50.759	397.575
556.467	80.030	400.929	-442.212	50.768	397.556
556.462	80.025	400.915	-442.211	50.762	397.555
556.458	80.029	400.939	-442.224	50.753	397.566
556.458	80.029	400.939	-442.210	50.755	397.555
556.454	80.030	400.925	-442.214	50.752	397.573
556.459	80.028	400.940	-442.209	50.748	397.555
556.445	80.029	400.934	-442.208	50.735	397.555
556.445	80.022	400.935	-442.208	50.742	397.554
556.445	80.035	400.935	-442.207	50.735	397.554
556.442	80.025	400.961	-442.198	50.728	397.563
556.437	80.027	400.945	-442.197	50.728	397.562
556.437	80.034	400.946	-442.206	50.735	397.552
556.430	80.049	400.928	-442.200	50.732	397.579
556.437	80.034	400.946	-442.196	50.714	397.562
556.437	80.034	400.946	-442.195	50.721	397.560
556.427	80.039	400.954	-442.199	50.712	397.579
556.428	80.032	400.955	-442.195	50.715	397.561
556.422	80.041	400.939	-442.195	50.708	397.562
556.422	80.041	400.939	-442.195	50.701	397.562
556.412	80.047	400.947	-442.185	50.694	397.571
556.411	80.040	400.946	-442.195	50.701	397.562
556.412	80.047	400.947	-442.195	50.701	397.562
556.417	80.038	400.961	-442.195	50.701	397.562
556.401	80.046	400.954	-442.186	50.687	397.572
556.402	80.039	400.955	-442.196	50.694	397.564
556.396	80.048	400.938	-442.196	50.701	397.563
556.395	80.041	400.938	-442.197	50.701	397.564
556.396	80.028	400.938	-442.196	50.687	397.565
556.390	80.036	400.921	-442.200	50.685	397.583
556.386	80.033	400.946	-442.188	50.693	397.574
556.381	80.022	400.931	-442.197	50.694	397.565
556.381	80.022	400.931	-442.197	50.694	397.565
556.381	80.015	400.930	-442.194	50.690	397.548
556.373	80.007	400.940	-442.199	50.687	397.568
556.367	80.009	400.925	-442.198	50.700	397.566
556.367	80.009	400.925	-442.195	50.696	397.549
556.368	79.995	400.925	-442.185	50.696	397.557
556.367	80.009	400.925	-442.185	50.702	397.556
556.353	79.996	400.919	-442.186	50.702	397.557
556.353	79.996	400.919	-442.186	50.709	397.556
556.353	79.996	400.919	-442.187	50.716	397.557
556.353	80.003	400.918	-442.182	50.732	397.537
556.344	79.994	400.928	-442.178	50.715	397.565
556.339	79.996	400.912	-442.178	50.736	397.564
556.344	79.994	400.928	-442.173	50.752	397.544
556.344	79.988	400.927	-442.166	50.744	397.554
556.344	79.994	400.928	-442.165	50.758	397.553
556.335	79.987	400.936	-442.165	50.765	397.552
556.335	79.993	400.937	-442.166	50.765	397.553
556.334	79.993	400.935	-442.165	50.771	397.552
556.330	79.988	400.921	-442.153	50.787	397.542
556.325	79.992	400.945	-442.148	50.777	397.569
556.320	79.994	400.929	-442.158	50.791	397.560
556.326	79.985	400.946	-442.145	50.806	397.550
556.311	79.986	400.939	-442.148	50.784	397.570
556.311	79.993	400.938	-442.149	50.797	397.569
556.311	79.993	400.938	-442.143	50.801	397.595
556.311	79.986	400.939	-442.136	50.806	397.558
556.311	79.986	400.939	-442.148	50.811	397.567
556.302	79.984	400.949	-442.126	50.805	397.567
556.303	79.978	400.950	-442.136	50.819	397.558
556.299	79.966	400.935	-442.126	50.812	397.566
556.294	79.970	400.958	-442.130	50.816	397.585
556.289	79.972	400.943	-442.126	50.826	397.565
556.295	79.963	400.959	-442.130	50.810	397.584
556.289	79.972	400.943	-442.126	50.812	397.566
556.285	79.968	400.967	-442.127	50.819	397.566
556.281	79.970	400.954	-442.129	50.796	397.585
556.280	79.977	400.953	-442.126	50.812	397.566
556.280	79.970	400.952	-442.122	50.815	397.548
556.280	79.970	400.952	-442.122	50.815	397.548
556.266	79.964	400.947	-442.126	50.812	397.566
556.261	79.972	400.932	-442.122	50.822	397.547
556.265	79.971	400.945	-442.134	50.806	397.557
556.266	79.964	400.947	-442.134	50.813	397.556
556.266	79.964	400.947	-442.134	50.793	397.558
556.251	79.964	400.940	-442.130	50.802	397.538
556.251	79.964	400.940	-442.124	50.799	397.565
556.248	79.952	400.927	-442.134	50.793	397.558
556.252	79.951	400.941	-442.132	50.779	397.557
556.238	79.958	400.935	-442.133	50.786	397.557
556.237	79.951	400.934	-442.142	50.773	397.549
556.238	79.945	400.935	-442.128	50.782	397.539
556.237	79.951	400.934	-442.128	50.775	397.540
556.223	79.952	400.928	-442.142	50.766	397.550
556.224	79.939	400.928	-442.141	50.760	397.550
556.224	79.939	400.928	-442.141	50.760	397.550
556.223	79.945	400.927	-442.146	50.736	397.571
556.208	79.946	400.921	-442.141	50.753	397.551
556.214	79.944	400.936	-442.140	50.746	397.550
556.213	79.951	400.935	-442.132	50.732	397.561
556.213	79.938	400.936	-442.129	50.741	397.543
556.204	79.950	400.944	-442.136	50.715	397.581
556.205	79.967	400.917	-442.146	50.723	397.573
556.197	79.958	400.928	-442.128	50.728	397.544
556.197	79.958	400.928	-442.142	50.739	397.553
556.204	79.950	400.944	-442.140	50.726	397.552
556.189	79.950	400.938	-442.131	50.725	397.560
556.188	79.957	400.937	-442.141	50.719	397.553
556.188	79.964	400.938	-442.130	50.718	397.560
556.181	79.962	400.949	-442.130	50.718	397.560
556.180	79.955	400.948	-442.131	50.725	397.560
556.171	79.968	400.957	-442.120	50.725	397.568
556.166	79.969	400.943	-442.129	50.719	397.559
556.167	79.976	400.944	-442.116	50.727	397.549
556.158	79.974	400.953	-442.109	50.731	397.574
556.142	79.982	400.946	-442.100	50.724	397.583
556.119	79.988	400.949	-442.064	50.721	397.572
556.080	79.994	400.945	-442.042	50.736	397.570
556.011	80.022	400.928	-441.983	50.747	397.557
555.948	80.041	400.926	-441.906	50.772	397.560
555.840	80.069	400.903	-441.830	50.775	397.566
555.720	80.079	400.915	-441.727	50.803	397.549
555.562	80.089	400.924	-441.591	50.826	397.540
555.389	80.119	400.926	-441.445	50.854	397.538
555.184	80.147	400.941	-441.243	50.881	397.526
554.951	80.166	400.915	-441.030	50.927	397.520
554.678	80.195	400.914	-440.794	50.955	397.514
554.375	80.225	400.898	-440.517	50.990	397.523
554.041	80.233	400.896	-440.196	51.060	397.482
553.666	80.281	400.889	-439.861	51.114	397.478
553.267	80.315	400.885	-439.496	51.172	397.498
552.821	80.361	400.885	-439.092	51.209	397.492
552.341	80.415	400.869	-438.659	51.272	397.509
551.821	80.457	400.837	-438.183	51.324	397.526
551.273	80.501	400.833	-437.692	51.357	397.534
550.703	80.518	400.833	-437.158	51.405	397.556
550.087	80.543	400.813	-436.607	51.444	397.597
549.445	80.565	400.821	-436.021	51.506	397.581
548.774	80.560	400.818	-435.402	51.556	397.573
548.085	80.546	400.834	-434.753	51.610	397.543
547.362	80.534	400.823	-434.077	51.648	397.541
546.615	80.524	400.854	-433.353	51.704	397.534
545.828	80.505	400.842	-432.613	51.743	397.502
545.007	80.490	400.841	-431.847	51.784	397.514
544.156	80.457	400.827	-431.053	51.823	397.505
543.253	80.397	400.805	-430.217	51.842	397.515
542.339	80.369	400.794	-429.362	51.873	397.541
541.395	80.348	400.769	-428.485	51.878	397.571
540.396	80.311	400.764	-427.576	51.903	397.562
539.348	80.272	400.764	-426.671	51.928	397.557
538.295	80.241	400.751	-425.714	51.937	397.593
537.233	80.209	400.749	-424.711	51.947	397.583
536.116	80.170	400.738	-423.705	51.974	397.601
534.976	80.120	400.703	-422.631	52.043	397.583
533.805	80.068	400.684	-421.560	52.063	397.574
532.598	80.053	400.678	-420.451	52.108	397.553
531.353	80.025	400.671	-419.340	52.167	397.576
530.085	79.988	400.670	-418.193	52.221	397.546
528.775	79.965	400.666	-417.012	52.255	397.526
527.463	79.939	400.624	-415.818	52.293	397.543
526.100	79.881	400.615	-414.565	52.318	397.568
524.718	79.807	400.626	-413.310	52.312	397.580
523.318	79.785	400.593	-412.044	52.361	397.539
521.885	79.734	400.577	-410.742	52.403	397.506
520.413	79.704	400.597	-409.425	52.456	397.509
518.920	79.669	400.600	-408.056	52.491	397.508
517.429	79.610	400.578	-406.672	52.544	397.529
515.892	79.559	400.541	-405.283	52.593	397.535
514.332	79.519	400.512	-403.883	52.647	397.550
512.744	79.475	400.513	-402.465	52.700	397.541
511.149	79.433	400.502	-401.028	52.723	397.553
509.522	79.417	400.482	-399.567	52.760	397.522
507.869	79.341	400.463	-398.052	52.789	397.518
506.211	79.279	400.435	-396.544	52.821	397.492
504.524	79.226	400.438	-395.038	52.871	397.482
502.807	79.180	400.434	-393.487	52.907	397.492
501.085	79.145	400.391	-391.938	52.947	397.519
499.359	79.079	400.375	-390.377	52.995	397.542
497.610	79.022	400.341	-388.802	53.051	397.558
495.846	78.979	400.305	-387.225	53.072	397.534
494.069	78.926	400.335	-385.591	53.102	397.520
492.291	78.881	400.304	-383.976	53.132	397.493
490.492	78.806	400.292	-382.356	53.185	397.449
488.683	78.733	400.266	-380.737	53.207	397.425
486.864	78.678	400.252	-379.113	53.246	397.386
485.027	78.631	400.226	-377.459	53.256	397.420
483.187	78.596	400.202	-375.812	53.301	397.446
481.351	78.503	400.221	-374.168	53.314	397.448
479.535	78.421	400.200	-372.514	53.326	397.463
477.677	78.325	400.179	-370.847	53.340	397.473
475.826	78.287	400.180	-369.194	53.370	397.450
473.962	78.227	400.190	-367.538	53.387	397.429
472.112	78.134	400.145	-365.890	53.410	397.402
470.283	78.051	400.122	-364.242	53.433	397.378
468.423	77.975	400.095	-362.603	53.450	397.348
466.569	77.887	400.113	-360.965	53.444	397.381
464.714	77.768	400.107	-359.311	53.454	397.407
462.897	77.669	400.104	-357.696	53.455	397.430
461.056	77.599	400.083	-356.083	53.451	397.444
459.208	77.557	400.054	-354.453	53.463	397.435
457.355	77.441	400.074	-352.804	53.459	397.462
455.490	77.337	400.044	-351.158	53.465	397.451
453.647	77.224	400.037	-349.530	53.468	397.468
451.818	77.168	400.006	-347.889	53.475	397.450
449.996	77.052	400.027	-346.249	53.481	397.438
448.156	76.943	399.982	-344.641	53.493	397.417
446.306	76.818	400.013	-342.992	53.508	397.390
444.463	76.762	399.976	-341.342	53.510	397.409
442.622	76.654	399.978	-339.702	53.520	397.422
440.778	76.557	399.947	-338.081	53.523	397.421
438.938	76.457	399.932	-336.459	53.512	397.423
437.105	76.386	399.903	-334.818	53.500	397.445
435.259	76.266	399.882	-333.189	53.504	397.435
433.417	76.158	399.878	-331.554	53.512	397.451
431.577	76.032	399.852	-329.883	53.519	397.437
429.754	75.966	399.839	-328.242	53.548	397.442
427.901	75.872	399.829	-326.625	53.582	397.406
426.063	75.776	399.826	-325.000	53.592	397.397
424.201	75.682	399.809	-323.382	53.606	397.410
422.384	75.622	399.799	-321.742	53.646	397.440
420.531	75.521	399.779	-320.116	53.675	397.439
418.711	75.433	399.773	-318.493	53.693	397.416
416.863	75.333	399.748	-316.842	53.709	397.422
415.052	75.281	399.715	-315.211	53.726	397.414
413.228	75.242	399.693	-313.579	53.783	397.408
411.388	75.155	399.669	-311.975	53.836	397.418
409.561	75.077	399.678	-310.353	53.884	397.421
407.721	74.989	399.662	-308.755	53.944	397.426
405.898	74.950	399.630	-307.137	54.002	397.451
404.055	74.895	399.621	-305.510	54.045	397.448
402.235	74.840	399.608	-303.896	54.097	397.412
400.405	74.783	399.608	-302.261	54.134	397.397
398.589	74.726	399.615	-300.634	54.196	397.401
396.765	74.680	399.577	-299.016	54.269	397.412
394.962	74.683	399.533	-297.394	54.345	397.452
393.139	74.646	399.538	-295.802	54.437	397.467
391.348	74.618	399.528	-294.197	54.499	397.452
389.525	74.582	399.515	-292.578	54.556	397.434
387.722	74.545	399.520	-290.952	54.621	397.401
385.903	74.528	399.466	-289.352	54.700	397.410
384.101	74.520	399.455	-287.727	54.780	397.424
382.279	74.522	399.406	-286.141	54.895	397.458
380.466	74.487	399.437	-284.526	54.959	397.482
378.664	74.474	399.411	-282.902	55.013	397.479
376.850	74.448	399.423	-281.272	55.090	397.460
375.023	74.412	399.410	-279.639	55.166	397.443
373.220	74.410	399.395	-278.015	55.227	397.489
371.410	74.395	399.370	-276.407	55.344	397.516
369.620	74.375	399.390	-274.806	55.428	397.536
367.791	74.374	399.366	-273.181	55.503	397.520
365.992	74.361	399.377	-271.548	55.571	397.518
364.163	74.334	399.335	-269.925	55.655	397.482
362.368	74.306	399.366	-268.310	55.728	397.481
360.565	74.269	399.350	-266.718	55.831	397.504
358.764	74.265	399.349	-265.119	55.915	397.515
356.928	74.247	399.282	-263.502	56.000	397.520
355.135	74.236	399.278	-261.891	56.061	397.504
353.320	74.219	399.261	-260.263	56.123	397.484
351.519	74.172	399.274	-258.639	56.202	397.482
349.694	74.179	399.223	-257.042	56.288	397.480
347.892	74.151	399.243	-255.443	56.374	397.520
346.069	74.153	399.175	-253.833	56.440	397.506
344.282	74.106	399.179	-252.226	56.513	397.495
342.482	74.076	399.160	-250.619	56.579	397.487
340.679	74.058	399.143	-249.009	56.644	397.481
338.864	74.032	399.139	-247.399	56.729	397.476
337.057	74.004	399.092	-245.802	56.792	397.482
335.262	73.980	399.075	-244.206	56.848	397.490
333.475	73.933	399.075	-242.598	56.903	397.509
331.659	73.891	399.084	-241.006	56.956	397.539
329.854	73.873	399.062	-239.411	57.020	397.528
328.033	73.815	399.040	-237.809	57.073	397.505
326.228	73.769	399.026	-236.206	57.132	397.484
324.425	73.729	399.016	-234.607	57.189	397.480
322.625	73.674	399.019	-233.005	57.235	397.506
320.827	73.614	399.004	-231.421	57.269	397.515
319.036	73.583	398.979	-229.852	57.301	397.533
317.231	73.517	398.957	-228.264	57.341	397.546
315.459	73.464	398.944	-226.663	57.365	397.530
313.679	73.405	398.920	-225.065	57.402	397.517
311.871	73.330	398.906	-223.489	57.438	397.503
310.085	73.268	398.911	-221.922	57.455	397.522
308.280	73.202	398.881	-220.345	57.478	397.553
306.510	73.132	398.896	-218.751	57.508	397.540
304.697	73.052	398.859	-217.165	57.528	397.546
302.937	72.949	398.870	-215.598	57.538	397.510
301.138	72.865	398.866	-214.025	57.549	397.526
299.353	72.806	398.843	-212.447	57.580	397.543
297.568	72.742	398.848	-210.859	57.612	397.558
295.759	72.655	398.815	-209.286	57.653	397.555
293.979	72.576	398.838	-207.712	57.672	397.556
292.188	72.477	398.790	-206.127	57.690	397.567
290.427	72.406	398.800	-204.548	57.685	397.598
288.637	72.327	398.760	-202.973	57.704	397.605
286.857	72.235	398.771	-201.396	57.730	397.549
285.061	72.152	398.760	-199.822	57.737	397.536
283.240	72.053	398.760	-198.239	57.749	397.535
281.477	71.993	398.786	-196.669	57.764	397.568
279.676	71.919	398.748	-195.117	57.820	397.583
277.920	71.822	398.743	-193.538	57.860	397.577
276.134	71.721	398.713	-191.942	57.891	397.595
274.355	71.644	398.700	-190.371	57.914	397.611
272.558	71.581	398.687	-188.792	57.929	397.640
270.743	71.503	398.675	-187.217	57.942	397.621
268.970	71.403	398.683	-185.639	57.949	397.604
267.179	71.313	398.668	-184.050	57.973	397.559
265.418	71.240	398.625	-182.470	57.990	397.572
263.645	71.175	398.620	-180.911	58.032	397.594
261.839	71.076	398.614	-179.353	58.074	397.606
260.039	70.982	398.623	-177.771	58.124	397.625
258.238	70.890	398.610	-176.181	58.155	397.632
256.465	70.836	398.569	-174.593	58.165	397.642
254.692	70.779	398.556	-173.028	58.174	397.650
252.916	70.694	398.544	-171.461	58.195	397.620
251.125	70.578	398.559	-169.892	58.222	397.592
249.329	70.492	398.551	-168.300	58.263	397.571
247.549	70.430	398.513	-166.719	58.299	397.583
245.756	70.370	398.514	-165.159	58.311	397.618
243.971	70.314	398.480	-163.580	58.351	397.649
242.194	70.216	398.464	-162.002	58.387	397.657
240.423	70.126	398.487	-160.437	58.424	397.658
238.633	70.070	398.453	-158.857	58.461	397.657
236.848	70.032	398.433	-157.294	58.493	397.638
235.068	69.986	398.429	-155.715	58.526	397.617
233.282	69.913	398.415	-154.107	58.556	397.628
231.517	69.849	398.393	-152.516	58.608	397.620
229.748	69.789	398.388	-150.956	58.660	397.651
227.965	69.745	398.362	-149.415	58.698	397.678
226.198	69.721	398.398	-147.847	58.748	397.672
224.404	69.673	398.339	-146.264	58.793	397.665
222.646	69.619	398.346	-144.681	58.834	397.686
220.871	69.577	398.355	-143.099	58.877	397.683
219.079	69.525	398.331	-141.510	58.925	397.643
217.330	69.505	398.337	-139.931	58.976	397.635
215.558	69.497	398.283	-138.368	59.015	397.659
213.770	69.470	398.281	-136.796	59.080	397.696
212.010	69.430	398.331	-135.217	59.147	397.719
210.230	69.385	398.299	-133.645	59.213	397.696
208.481	69.348	398.271	-132.077	59.255	397.691
206.704	69.332	398.281	-130.499	59.293	397.672
204.898	69.311	398.269	-128.928	59.355	397.671
203.148	69.297	398.275	-127.344	59.446	397.667
201.415	69.271	398.261	-125.779	59.506	397.735
199.617	69.254	398.222	-124.216	59.566	397.756
197.831	69.200	398.259	-122.645	59.636	397.739
196.071	69.174	398.240	-121.052	59.683	397.705
194.320	69.152	398.188	-119.490	59.737	397.709
192.549	69.115	398.202	-117.905	59.806	397.759
190.754	69.088	398.239	-116.327	59.875	397.762
188.980	69.079	398.184	-114.750	59.939	397.743
187.247	69.059	398.170	-113.201	59.997	397.760
185.461	69.011	398.206	-111.645	60.071	397.764
183.668	68.977	398.184	-110.046	60.151	397.733
181.920	68.938	398.155	-108.447	60.219	397.744
180.158	68.938	398.139	-106.877	60.277	397.766
178.365	68.909	398.127	-105.323	60.336	397.781
176.616	68.858	398.132	-103.754	60.408	397.743
174.854	68.873	398.102	-102.190	60.495	397.747
173.070	68.831	398.087	-100.616	60.568	397.764
171.283	68.802	398.075	-99.045	60.620	397.773
169.555	68.793	398.079	-97.454	60.703	397.765
167.771	68.745	398.050	-95.884	60.784	397.765
165.979	68.722	398.036	-94.321	60.863	397.782
164.216	68.697	398.049	-92.759	60.921	397.790
162.447	68.689	398.029	-91.178	61.006	397.757
160.673	68.634	398.001	-89.603	61.079	397.766
158.913	68.593	398.024	-88.035	61.163	397.792
157.150	68.586	398.001	-86.450	61.213	397.817
155.365	68.533	397.945	-84.879	61.277	397.784
153.607	68.494	397.953	-83.320	61.337	397.782
151.859	68.459	397.988	-81.753	61.416	397.793
150.076	68.399	397.942	-80.174	61.496	397.791
148.300	68.354	397.936	-78.594	61.555	397.792
146.546	68.314	397.944	-77.041	61.604	397.815
144.792	68.267	397.906	-75.469	61.686	397.796
143.017	68.210	397.885	-73.877	61.732	397.802
141.258	68.137	397.940	-72.323	61.776	397.807
139.504	68.074	397.912	-70.776	61.821	397.803
137.710	68.025	397.875	-69.210	61.897	397.822
135.934	67.970	397.891	-67.631	61.965	397.865
134.207	67.912	397.884	-66.094	62.002	397.859
132.428	67.838	397.881	-64.550	62.055	397.840
130.653	67.757	397.882	-62.971	62.080	397.841
128.909	67.686	397.861	-61.415	62.121	397.863
127.147	67.632	397.867	-59.869	62.135	397.827
125.362	67.567	397.841	-58.304	62.189	397.864
123.621	67.497	397.805	-56.763	62.269	397.895
121.867	67.394	397.881	-55.237	62.292	397.883
120.107	67.327	397.876	-53.679	62.317	397.867
118.350	67.238	397.826	-52.121	62.322	397.903
116.573	67.162	397.827	-50.575	62.345	397.906
114.821	67.116	397.819	-49.030	62.386	397.862
113.067	67.035	397.813	-47.482	62.404	397.845
111.283	66.939	397.812	-45.958	62.422	397.872
109.598	66.853	397.810	-44.489	62.435	397.915
107.968	66.774	397.821	-43.071	62.488	397.954
106.434	66.706	397.770	-41.794	62.510	397.976
104.992	66.625	397.789	-40.643	62.519	398.011
103.723	66.533	397.789	-39.661	62.500	398.043
102.644	66.450	397.819	-38.864	62.480	398.076
101.807	66.395	397.861	-38.340	62.459	398.148
101.203	66.360	397.868	-38.036	62.412	398.241
100.810	66.324	397.937	-38.009	62.424	398.322
100.672	66.311	398.005	-38.226	62.419	398.402
100.768	66.347	398.073	-38.639	62.426	398.494
101.047	66.387	398.107	-39.258	62.391	398.628
101.528	66.442	398.191	-40.029	62.391	398.766
102.120	66.482	398.259	-40.936	62.377	398.919
102.860	66.568	398.331	-41.947	62.340	399.057
103.711	66.650	398.410	-43.085	62.290	399.198
104.629	66.707	398.488	-44.302	62.284	399.341
105.602	66.752	398.624	-45.564	62.298	399.481
106.609	66.795	398.736	-46.855	62.319	399.605
107.665	66.846	398.846	-48.220	62.336	399.683
108.753	66.908	398.931	-49.541	62.334	399.817
109.842	66.966	398.994	-50.894	62.357	399.847
110.911	67.030	399.057	-52.209	62.391	399.907
111.967	67.112	399.075	-53.493	62.397	399.926
112.998	67.165	399.106	-54.791	62.403	399.887
114.003	67.221	399.103	-56.029	62.412	399.900
114.993	67.269	399.102	-57.280	62.444	399.829
115.958	67.321	399.066	-58.486	62.494	399.798
116.916	67.369	398.995	-59.667	62.486	399.741
117.841	67.417	398.925	-60.863	62.491	399.626
118.751	67.452	398.833	-62.015	62.531	399.526
119.659	67.488	398.742	-63.122	62.554	399.405
120.551	67.536	398.652	-64.243	62.591	399.226
121.428	67.553	398.540	-65.348	62.629	399.044
122.272	67.583	398.355	-66.413	62.663	398.955
123.137	67.634	398.182	-67.451	62.681	398.899
123.981	67.655	398.024	-68.502	62.713	398.783
124.808	67.692	397.891	-69.530	62.765	398.676
125.602	67.726	397.784	-70.550	62.785	398.556
126.424	67.662	397.812	-71.554	62.767	398.472
127.246	67.625	397.840	-72.529	62.733	398.357
128.052	67.610	397.846	-73.501	62.686	398.244
128.849	67.592	397.888	-74.483	62.639	398.121
129.618	67.584	397.944	-75.419	62.473	398.092
130.429	67.582	397.962	-76.351	62.343	398.049
131.234	67.561	397.970	-77.293	62.222	398.047
132.008	67.524	397.979	-78.212	62.086	398.002
132.774	67.496	397.977	-79.135	61.962	397.972
133.570	67.478	397.950	-80.057	61.838	397.944
134.383	67.452	397.948	-80.990	61.707	397.905
135.164	67.410	397.947	-81.914	61.555	397.879
135.910	67.380	397.947	-82.822	61.380	397.825
136.697	67.373	397.886	-83.739	61.233	397.760
137.500	67.365	397.898	-84.653	61.047	397.786
138.241	67.340	397.913	-85.564	60.884	397.798
139.004	67.318	397.915	-86.436	60.743	397.814
139.790	67.316	397.929	-87.285	60.608	397.836
140.585	67.312	397.956	-88.145	60.473	397.863
141.332	67.306	397.985	-89.025	60.359	397.870
142.094	67.314	397.965	-89.859	60.245	397.840
142.889	67.343	397.945	-90.716	60.114	397.830
143.650	67.361	397.950	-91.558	60.009	397.842
144.397	67.351	397.956	-92.352	59.948	397.841
145.150	67.376	397.902	-93.161	59.879	397.845
145.926	67.395	397.908	-93.967	59.820	397.873
146.681	67.408	397.953	-94.732	59.785	397.841
147.428	67.428	397.937	-95.509	59.756	397.863
148.198	67.457	397.910	-96.256	59.749	397.877
148.958	67.492	397.943	-96.990	59.740	397.863
149.713	67.505	397.990	-97.743	59.728	397.867
150.457	67.535	397.951	-98.454	59.745	397.810
151.233	67.573	397.962	-99.192	59.727	397.811
151.993	67.621	397.998	-99.906	59.772	397.755
152.740	67.654	397.986	-100.623	59.802	397.763
153.492	67.689	397.962	-101.325	59.849	397.742
154.259	67.742	397.962	-102.028	59.876	397.723
155.013	67.781	398.013	-102.726	59.900	397.728
155.758	67.800	398.003	-103.427	59.927	397.709
156.511	67.842	397.982	-104.136	59.962	397.730
157.279	67.898	398.009	-104.841	60.050	397.712
158.031	67.940	398.038	-105.554	60.080	397.723
158.776	67.962	398.006	-106.255	60.117	397.731
159.543	68.014	398.010	-106.938	60.166	397.760
160.319	68.062	398.053	-107.626	60.192	397.804
161.064	68.101	398.047	-108.332	60.256	397.763
161.818	68.128	398.029	-109.057	60.285	397.767
162.584	68.183	398.060	-109.748	60.334	397.737
163.345	68.226	398.081	-110.455	60.379	397.787
164.090	68.245	398.077	-111.117	60.428	397.775
164.850	68.304	398.074	-111.839	60.457	397.781
165.616	68.369	398.083	-112.550	60.491	397.758
166.368	68.413	398.093	-113.240	60.502	397.756
167.103	68.432	398.079	-113.925	60.539	397.765
167.863	68.485	398.078	-114.601	60.565	397.760
168.641	68.530	398.079	-115.313	60.580	397.778
169.393	68.560	398.091	-115.963	60.568	397.755
170.130	68.579	398.080	-116.642	60.555	397.792
170.896	68.637	398.093	-117.284	60.555	397.779
171.658	68.675	398.096	-117.974	60.539	397.782
172.396	68.683	398.111	-118.640	60.528	397.739
173.146	68.729	398.101	-119.299	60.482	397.773
173.923	68.788	398.106	-119.956	60.481	397.767
174.688	68.812	398.112	-120.630	60.466	397.767
175.422	68.820	398.128	-121.297	60.434	397.727
176.181	68.861	398.109	-121.940	60.375	397.758
176.959	68.906	398.116	-122.575	60.350	397.735
177.713	68.937	398.111	-123.234	60.311	397.708
178.446	68.959	398.129	-123.881	60.271	397.690
179.204	69.006	398.112	-124.526	60.222	397.698
179.975	69.038	398.109	-125.158	60.173	397.702
180.703	69.054	398.118	-125.818	60.141	397.676
181.452	69.089	398.138	-126.462	60.084	397.685
182.229	69.133	398.150	-127.099	60.026	397.705
182.986	69.160	398.125	-127.749	59.981	397.729
183.729	69.183	398.136	-128.398	59.954	397.715
184.494	69.218	398.159	-129.047	59.888	397.740
185.273	69.245	398.149	-129.683	59.826	397.736
186.016	69.263	398.137	-130.321	59.775	397.759
186.758	69.289	398.174	-130.967	59.753	397.706
187.536	69.319	398.189	-131.617	59.697	397.708
188.305	69.346	398.169	-132.246	59.650	397.691
189.039	69.376	398.170	-132.887	59.602	397.690
189.780	69.395	398.209	-133.537	59.554	397.679
190.550	69.408	398.190	-134.190	59.505	397.683
191.313	69.450	398.160	-134.821	59.472	397.667
192.055	69.485	398.177	-135.473	59.432	397.697
192.806	69.496	398.231	-136.128	59.406	397.676
193.587	69.523	398.204	-136.779	59.366	397.707
194.348	69.565	398.175	-137.416	59.338	397.707
195.107	69.583	398.219	-138.062	59.314	397.724
195.851	69.581	398.264	-138.704	59.275	397.701
196.604	69.603	398.224	-139.346	59.231	397.718
197.381	69.651	398.199	-139.955	59.201	397.686
198.140	69.653	398.270	-140.615	59.169	397.709
198.875	69.678	398.255	-141.250	59.152	397.672
199.627	69.706	398.217	-141.886	59.109	397.676
200.411	69.722	398.230	-142.509	59.078	397.650
201.148	69.734	398.267	-143.156	59.054	397.670
201.875	69.764	398.266	-143.805	59.029	397.640
202.644	69.812	398.232	-144.462	58.989	397.664
203.438	69.827	398.261	-145.095	58.983	397.655
204.160	69.834	398.276	-145.732	58.971	397.686
204.903	69.857	398.278	-146.386	58.957	397.672
205.704	69.873	398.297	-147.029	58.933	397.693
206.457	69.877	398.289	-147.667	58.917	397.700
207.192	69.901	398.280	-148.312	58.906	397.723
207.950	69.914	398.310	-148.951	58.907	397.705
208.734	69.919	398.305	-149.584	58.867	397.739
209.472	69.931	398.275	-150.212	58.840	397.732
210.207	69.938	398.293	-150.851	58.824	397.741
210.973	69.943	398.338	-151.503	58.821	397.691
211.735	69.944	398.298	-152.149	58.786	397.691
212.487	69.954	398.294	-152.765	58.769	397.656
213.245	69.964	398.353	-153.413	58.764	397.682
213.998	69.974	398.351	-154.058	58.750	397.618
214.753	69.983	398.302	-154.719	58.733	397.625
215.535	69.997	398.326	-155.335	58.707	397.617
216.278	70.016	398.362	-155.979	58.688	397.645
217.014	70.034	398.337	-156.616	58.700	397.592
217.782	70.047	398.313	-157.271	58.663	397.651
218.549	70.047	398.340	-157.893	58.651	397.634
219.277	70.054	398.353	-158.536	58.639	397.662
220.030	70.050	398.356	-159.178	58.648	397.626
220.813	70.053	398.360	-159.828	58.617	397.646
221.560	70.049	398.353	-160.464	58.596	397.635
222.302	70.056	398.368	-161.111	58.611	397.666
223.069	70.049	398.398	-161.751	58.613	397.631
223.846	70.046	398.393	-162.411	58.603	397.642
224.582	70.044	398.373	-163.033	58.583	397.628
225.331	70.073	398.378	-163.672	58.581	397.685
226.083	70.064	398.410	-164.315	58.583	397.652
226.828	70.070	398.381	-164.967	58.568	397.650
227.596	70.065	398.391	-165.580	58.540	397.648
228.364	70.077	398.426	-166.216	58.529	397.666
229.094	70.086	398.422	-166.852	58.520	397.620
229.854	70.089	398.420	-167.510	58.488	397.635
230.644	70.103	398.446	-168.126	58.477	397.609
231.390	70.105	398.445	-168.769	58.485	397.644
232.133	70.121	398.444	-169.399	58.477	397.585
232.897	70.129	398.456	-170.061	58.455	397.576
233.649	70.132	398.444	-170.679	58.432	397.593
234.395	70.157	398.421	-171.305	58.433	397.624
235.168	70.177	398.449	-171.945	58.446	397.620
235.927	70.173	398.451	-172.605	58.423	397.613
236.655	70.163	398.428	-173.231	58.407	397.620
237.427	70.176	398.457	-173.882	58.395	397.649
238.193	70.204	398.474	-174.513	58.395	397.632
238.936	70.205	398.478	-175.176	58.406	397.626
239.685	70.226	398.494	-175.811	58.398	397.625
240.451	70.260	398.514	-176.438	58.388	397.634
241.212	70.298	398.497	-177.084	58.398	397.650
241.954	70.343	398.478	-177.729	58.397	397.640
242.692	70.375	398.508	-178.364	58.395	397.640
243.428	70.398	398.503	-178.990	58.385	397.651
244.187	70.449	398.488	-179.634	58.388	397.668
244.951	70.520	398.485	-180.284	58.410	397.634
245.683	70.519	398.505	-180.939	58.403	397.617
246.432	70.549	398.502	-181.564	58.406	397.629
247.188	70.584	398.513	-182.203	58.390	397.633
247.929	70.632	398.523	-182.847	58.421	397.586
248.680	70.660	398.523	-183.491	58.406	397.580
249.426	70.721	398.547	-184.109	58.398	397.578
250.187	70.765	398.537	-184.736	58.378	397.619
250.937	70.827	398.540	-185.370	58.380	397.584
251.684	70.867	398.564	-186.020	58.363	397.595
252.425	70.901	398.578	-186.642	58.337	397.570
253.177	70.939	398.558	-187.284	58.325	397.592
253.940	70.995	398.562	-187.908	58.334	397.568
254.686	71.014	398.589	-188.578	58.331	397.561
255.417	71.042	398.591	-189.183	58.327	397.531
256.165	71.104	398.596	-189.821	58.305	397.580
256.938	71.182	398.592	-190.437	58.319	397.567
257.683	71.227	398.562	-191.096	58.308	397.572
258.411	71.272	398.590	-191.705	58.282	397.559
259.158	71.311	398.622	-192.317	58.240	397.614
259.929	71.351	398.585	-192.929	58.233	397.602
260.692	71.416	398.570	-193.581	58.218	397.593
261.429	71.433	398.613	-194.217	58.197	397.578
262.153	71.445	398.632	-194.814	58.159	397.603
262.901	71.489	398.617	-195.432	58.150	397.608
263.684	71.540	398.608	-196.081	58.133	397.560
264.433	71.580	398.620	-196.708	58.097	397.557
265.165	71.627	398.630	-197.309	58.048	397.559
265.912	71.661	398.642	-197.920	58.025	397.577
266.679	71.712	398.634	-198.558	58.000	397.540
267.428	71.762	398.623	-199.171	57.926	397.574
268.165	71.791	398.672	-199.757	57.892	397.571
268.914	71.810	398.688	-200.373	57.869	397.580
269.662	71.857	398.653	-201.006	57.853	397.529
270.424	71.890	398.670	-201.616	57.800	397.563
271.162	71.901	398.697	-202.207	57.770	397.576
271.885	71.935	398.698	-202.824	57.733	397.587
272.643	71.983	398.706	-203.448	57.704	397.588
273.425	72.013	398.704	-204.045	57.648	397.593
274.166	72.043	398.685	-204.643	57.602	397.624
274.896	72.066	398.727	-205.256	57.577	397.595
275.638	72.079	398.734	-205.894	57.524	397.564
276.397	72.119	398.695	-206.492	57.475	397.570
277.162	72.134	398.694	-207.095	57.427	397.619
277.901	72.131	398.727	-207.719	57.382	397.583
278.608	72.150	398.731	-208.337	57.341	397.571
279.381	72.150	398.745	-208.924	57.296	397.548
280.145	72.168	398.721	-209.530	57.251	397.573
280.859	72.175	398.715	-210.158	57.244	397.552
281.605	72.177	398.763	-210.784	57.203	397.532
282.345	72.176	398.775	-211.372	57.153	397.551
283.097	72.189	398.728	-211.969	57.134	397.586
283.867	72.209	398.744	-212.597	57.086	397.568
284.593	72.207	398.757	-213.208	57.054	397.543
285.316	72.213	398.768	-213.806	57.011	397.554
286.082	72.213	398.775	-214.399	56.990	397.549
286.840	72.218	398.744	-215.019	56.935	397.543
287.581	72.223	398.760	-215.634	56.899	397.535
288.318	72.225	398.800	-216.223	56.848	397.558
289.058	72.240	398.792	-216.832	56.833	397.561
289.807	72.256	398.774	-217.461	56.799	397.546
290.571	72.269	398.783	-218.069	56.759	397.523
291.294	72.267	398.799	-218.659	56.728	397.547
292.033	72.265	398.818	-219.266	56.712	397.551
292.797	72.258	398.829	-219.888	56.721	397.520
293.538	72.261	398.800	-220.493	56.691	397.524
294.287	72.267	398.811	-221.099	56.669	397.529
295.033	72.263	398.845	-221.709	56.666	397.535
295.767	72.258	398.830	-222.325	56.663	397.490
296.521	72.263	398.854	-222.943	56.636	397.527
297.276	72.270	398.854	-223.520	56.609	397.522
298.007	72.278	398.840	-224.114	56.601	397.523
298.753	72.294	398.877	-224.726	56.595	397.505
299.518	72.293	398.894	-225.325	56.574	397.496
300.242	72.289	398.868	-225.922	56.561	397.540
301.003	72.298	398.909	-226.532	56.548	397.523
301.743	72.304	398.912	-227.159	56.540	397.512
302.484	72.324	398.915	-227.759	56.532	397.505
303.238	72.324	398.920	-228.355	56.519	397.550
303.986	72.325	398.912	-228.962	56.535	397.518
304.725	72.324	398.917	-229.593	56.538	397.524
305.470	72.349	398.934	-230.178	56.525	397.512
306.210	72.358	398.915	-230.773	56.518	397.558
306.939	72.373	398.906	-231.376	56.517	397.554
307.699	72.374	398.952	-231.992	56.522	397.555
308.439	72.396	398.934	-232.598	56.505	397.567
309.186	72.407	398.956	-233.183	56.519	397.556
309.947	72.428	398.955	-233.818	56.515	397.566
310.673	72.423	398.937	-234.425	56.519	397.512
311.417	72.440	398.959	-235.035	56.514	397.540
312.161	72.464	398.982	-235.613	56.527	397.541
312.903	72.479	398.970	-236.230	56.538	397.545
313.649	72.506	398.969	-236.839	56.537	397.534
314.385	72.518	398.979	-237.419	56.534	397.550
315.115	72.552	398.977	-238.017	56.537	397.575
315.875	72.585	398.980	-238.641	56.553	397.530
316.621	72.612	398.982	-239.265	56.571	397.525
317.349	72.625	398.981	-239.850	56.557	397.519
318.075	72.642	399.004	-240.450	56.576	397.519
318.822	72.675	399.009	-241.071	56.596	397.501
319.575	72.716	399.002	-241.690	56.610	397.482
320.326	72.755	399.019	-242.261	56.599	397.512
321.048	72.755	399.007	-242.838	56.598	397.518
321.781	72.783	399.047	-243.472	56.609	397.507
322.527	72.823	399.054	-244.079	56.613	397.459
323.276	72.855	399.013	-244.680	56.599	397.503
324.026	72.899	399.033	-245.267	56.605	397.500
324.746	72.910	399.049	-245.895	56.605	397.476
325.474	72.929	399.054	-246.502	56.604	397.469
326.225	72.976	399.052	-247.067	56.595	397.486
326.979	73.003	399.051	-247.663	56.583	397.516
327.721	73.042	399.060	-248.273	56.591	397.486
328.439	73.072	399.078	-248.876	56.566	397.507
329.176	73.099	399.075	-249.448	56.557	397.515
329.928	73.146	399.076	-250.052	56.539	397.537
330.687	73.191	399.091	-250.649	56.548	397.501
331.409	73.211	399.088	-251.250	56.523	397.524
332.141	73.261	399.111	-251.821	56.494	397.533
332.892	73.291	399.139	-252.420	56.498	397.541
333.630	73.334	399.116	-253.036	56.483	397.529
334.389	73.368	399.109	-253.595	56.452	397.508
335.125	73.384	399.136	-254.180	56.431	397.551
335.851	73.422	399.149	-254.760	56.415	397.512
336.587	73.468	399.152	-255.359	56.388	397.496
337.347	73.502	399.148	-255.929	56.338	397.509
338.092	73.536	399.142	-256.485	56.315	397.473
338.818	73.566	399.156	-257.081	56.285	397.484
339.544	73.610	399.172	-257.663	56.253	397.461
340.270	73.658	399.163	-258.214	56.201	397.494
341.037	73.690	399.176	-258.795	56.172	397.498
341.767	73.739	399.145	-259.398	56.148	397.459
342.507	73.763	399.165	-259.982	56.103	397.480
343.232	73.783	399.207	-260.558	56.071	397.511
343.968	73.831	399.192	-261.147	56.049	397.507
344.728	73.878	399.194	-261.744	56.008	397.494
345.487	73.904	399.196	-262.313	55.971	397.510
346.213	73.924	399.191	-262.890	55.939	397.542
346.937	73.950	399.237	-263.473	55.919	397.524
347.672	73.981	399.248	-264.072	55.871	397.514
348.422	74.022	399.238	-264.629	55.832	397.498
349.182	74.041	399.244	-265.194	55.804	397.500
349.916	74.075	399.231	-265.778	55.756	397.443
350.642	74.097	399.255	-266.349	55.735	397.434
351.367	74.126	399.280	-266.909	55.677	397.463
352.109	74.175	399.258	-267.484	55.656	397.457
352.884	74.224	399.245	-268.087	55.633	397.463
353.612	74.252	399.222	-268.639	55.584	397.476
354.334	74.281	399.247	-269.203	55.549	397.479
355.075	74.303	399.277	-269.797	55.531	397.497
355.802	74.344	399.255	-270.393	55.502	397.489
356.569	74.384	399.256	-270.956	55.448	397.535
357.319	74.403	399.252	-271.531	55.448	397.530
358.050	74.426	399.270	-272.128	55.426	397.523
358.781	74.453	399.314	-272.712	55.383	397.525
359.515	74.479	399.309	-273.265	55.361	397.539
360.265	74.505	399.308	-273.850	55.347	397.527
361.023	74.529	399.323	-274.435	55.323	397.489
361.750	74.556	399.306	-275.012	55.279	397.503
362.490	74.584	399.343	-275.564	55.241	397.478
363.224	74.609	399.341	-276.141	55.230	397.450
363.951	74.629	399.326	-276.723	55.203	397.439
364.723	74.646	399.345	-277.280	55.169	397.431
365.442	74.667	399.317	-277.853	55.143	397.471
366.173	74.703	399.341	-278.429	55.145	397.443
366.913	74.713	399.356	-279.021	55.112	397.467
367.639	74.733	399.343	-279.572	55.083	397.484
368.387	74.741	399.372	-280.156	55.082	397.475
369.137	74.745	399.379	-280.765	55.065	397.479
369.863	74.778	399.369	-281.331	55.059	397.463
370.610	74.806	399.400	-281.889	55.027	397.498
371.353	74.832	399.395	-282.483	55.047	397.481
372.107	74.848	399.417	-283.071	55.040	397.463
372.847	74.850	399.435	-283.637	55.016	397.489
373.588	74.856	399.430	-284.207	55.011	397.518
374.333	74.884	399.463	-284.782	55.019	397.494
375.062	74.898	399.433	-285.368	55.016	397.502
375.818	74.924	399.433	-285.934	54.998	397.530
376.549	74.927	399.440	-286.492	54.991	397.527
377.265	74.934	399.418	-287.092	55.005	397.502
378.013	74.944	399.431	-287.671	54.990	397.496
378.752	74.959	399.455	-288.227	54.976	397.493
379.487	74.979	399.441	-288.807	54.979	397.515
380.241	74.987	399.469	-289.385	54.976	397.468
380.973	74.976	399.480	-289.955	54.947	397.474
381.719	74.993	399.495	-290.511	54.940	397.471
382.468	75.009	399.513	-291.097	54.955	397.442
383.203	75.038	399.476	-291.678	54.940	397.440
383.956	75.045	399.507	-292.246	54.917	397.446
384.683	75.046	399.483	-292.797	54.907	397.471
385.403	75.047	399.506	-293.397	54.914	397.450
386.143	75.057	399.511	-293.982	54.915	397.423
386.886	75.077	399.493	-294.555	54.897	397.445
387.648	75.086	399.517	-295.111	54.909	397.445
388.381	75.084	399.509	-295.700	54.908	397.435
389.120	75.068	399.515	-296.298	54.901	397.416
389.847	75.067	399.555	-296.842	54.913	397.425
390.579	75.055	399.574	-297.408	54.907	397.460
391.334	75.081	399.562	-297.991	54.908	397.434
392.082	75.092	399.560	-298.570	54.906	397.434
392.814	75.104	399.556	-299.129	54.903	397.452
393.557	75.112	399.579	-299.699	54.900	397.463
394.273	75.123	399.571	-300.302	54.897	397.462
395.012	75.133	399.582	-300.872	54.890	397.446
395.769	75.145	399.575	-301.438	54.884	397.483
396.518	75.165	399.553	-302.017	54.889	397.486
397.255	75.181	399.565	-302.603	54.894	397.478
397.993	75.177	399.578	-303.171	54.864	397.490
398.713	75.163	399.612	-303.718	54.865	397.478
399.459	75.200	399.616	-304.306	54.876	397.472
400.217	75.191	399.613	-304.877	54.856	397.459
400.970	75.203	399.606	-305.419	54.840	397.473
401.700	75.207	399.607	-305.973	54.811	397.481
402.428	75.207	399.634	-306.555	54.812	397.460
403.145	75.213	399.670	-307.140	54.803	397.455
403.875	75.223	399.673	-307.678	54.775	397.456
404.630	75.241	399.671	-308.254	54.773	397.460
405.388	75.282	399.647	-308.842	54.757	397.459
406.127	75.306	399.643	-309.387	54.730	397.450
406.853	75.326	399.672	-309.946	54.719	397.475
407.573	75.334	399.688	-310.517	54.705	397.466
408.301	75.364	399.694	-311.093	54.700	397.431
409.047	75.373	399.706	-311.654	54.673	397.473
409.802	75.427	399.684	-312.192	54.659	397.476
410.553	75.445	399.684	-312.771	54.652	397.458
411.272	75.446	399.702	-313.331	54.630	397.459
411.987	75.464	399.744	-313.891	54.635	397.458
412.705	75.479	399.762	-314.448	54.624	397.485
413.449	75.518	399.751	-315.017	54.622	397.435
414.200	75.575	399.756	-315.590	54.611	397.444
414.946	75.607	399.747	-316.142	54.595	397.456
415.666	75.637	399.744	-316.707	54.596	397.432
416.393	75.663	399.783	-317.295	54.578	397.450
417.112	75.700	399.781	-317.835	54.559	397.429
417.849	75.736	399.785	-318.376	54.556	397.450
418.602	75.783	399.769	-318.957	54.535	397.438
419.329	75.801	399.756	-319.511	54.522	397.424
420.061	75.821	399.784	-320.051	54.484	397.448
420.771	75.836	399.795	-320.605	54.464	397.436
421.500	75.881	399.786	-321.168	54.445	397.415
422.220	75.917	399.789	-321.741	54.420	397.428
422.963	75.968	399.786	-322.277	54.392	397.436
423.706	76.006	399.783	-322.835	54.369	397.442
424.433	76.050	399.776	-323.404	54.334	397.441
425.165	76.083	399.809	-323.943	54.335	397.422
425.891	76.131	399.829	-324.492	54.285	397.440
426.617	76.175	399.823	-325.055	54.265	397.421
427.366	76.190	399.837	-325.603	54.247	397.395
428.084	76.216	399.815	-326.141	54.223	397.420
428.806	76.250	399.835	-326.685	54.208	397.421
429.541	76.306	399.848	-327.242	54.185	397.428
430.274	76.347	399.860	-327.773	54.156	397.437
431.014	76.394	399.888	-328.307	54.141	397.446
431.734	76.439	399.873	-328.858	54.121	397.438
432.480	76.458	399.915	-329.415	54.104	397.447
433.202	76.505	399.877	-329.932	54.070	397.449
433.950	76.540	399.896	-330.488	54.027	397.460
434.677	76.563	399.898	-331.032	53.983	397.422
435.400	76.606	399.897	-331.583	53.949	397.416
436.140	76.598	399.928	-332.120	53.917	397.445
436.861	76.653	399.891	-332.666	53.892	397.423
437.593	76.680	399.909	-333.223	53.848	397.435
438.317	76.723	399.911	-333.753	53.819	397.447
439.050	76.757	399.931	-334.310	53.788	397.460
439.790	76.799	399.940	-334.866	53.763	397.430
440.517	76.845	399.921	-335.411	53.725	397.452
441.269	76.884	399.959	-335.939	53.685	397.450
441.987	76.907	399.950	-336.490	53.663	397.446
442.716	76.928	399.969	-337.035	53.638	397.426
443.440	76.929	399.975	-337.572	53.619	397.457
444.173	76.959	399.972	-338.107	53.600	397.445
444.903	76.979	399.995	-338.651	53.574	397.425
445.646	77.017	399.985	-339.177	53.540	397.424
446.385	77.038	399.999	-339.704	53.519	397.423
447.100	77.051	400.018	-340.255	53.484	397.422
447.827	77.069	400.004	-340.800	53.451	397.405
448.563	77.086	400.044	-341.339	53.409	397.413
449.290	77.110	400.033	-341.881	53.386	397.422
450.040	77.139	400.041	-342.435	53.354	397.396
450.758	77.178	400.014	-342.980	53.336	397.421
451.488	77.194	400.015	-343.525	53.304	397.448
452.201	77.200	400.037	-344.080	53.305	397.421
452.924	77.210	400.023	-344.630	53.276	397.422
453.652	77.223	400.050	-345.166	53.244	397.459
454.386	77.234	400.031	-345.700	53.237	397.451
455.138	77.247	400.055	-346.251	53.215	397.453
455.863	77.277	400.047	-346.791	53.185	397.465
456.604	77.293	400.045	-347.305	53.177	397.474
457.324	77.297	400.087	-347.846	53.154	397.486
458.039	77.312	400.089	-348.386	53.150	397.454
458.776	77.318	400.112	-348.923	53.127	397.465
459.513	77.328	400.100	-349.474	53.139	397.468
460.260	77.366	400.089	-350.023	53.142	397.426
460.986	77.388	400.087	-350.555	53.122	397.421
461.715	77.389	400.096	-351.091	53.121	397.417
462.428	77.410	400.100	-351.639	53.126	397.419
463.148	77.416	400.120	-352.179	53.128	397.389
463.876	77.417	400.130	-352.704	53.107	397.395
464.607	77.434	400.117	-353.244	53.123	397.365
465.361	77.435	400.125	-353.797	53.111	397.387
466.100	77.450	400.129	-354.331	53.104	397.384
466.829	77.457	400.143	-354.861	53.093	397.407
467.567	77.485	400.149	-355.406	53.100	397.396
468.282	77.485	400.160	-355.959	53.107	397.376
469.007	77.502	400.200	-356.497	53.097	397.391
469.738	77.495	400.218	-357.023	53.109	397.398
470.470	77.518	400.212	-357.582	53.107	397.398
471.210	77.542	400.195	-358.116	53.099	397.396
471.941	77.564	400.190	-358.649	53.112	397.394
472.667	77.578	400.205	-359.189	53.115	397.412
473.387	77.599	400.208	-359.732	53.128	397.401
474.113	77.605	400.225	-360.269	53.104	397.419
474.844	77.614	400.221	-360.802	53.117	397.418
475.586	77.613	400.246	-361.359	53.135	397.417
476.331	77.615	400.247	-361.906	53.118	397.427
477.068	77.632	400.233	-362.438	53.117	397.427
477.795	77.637	400.255	-362.981	53.124	397.463
478.524	77.642	400.280	-363.519	53.132	397.438
479.250	77.661	400.303	-364.065	53.122	397.448
479.965	77.669	400.298	-364.589	53.127	397.459
480.684	77.683	400.306	-365.126	53.123	397.479
481.428	77.704	400.312	-365.662	53.131	397.454
482.166	77.727	400.304	-366.184	53.122	397.466
482.903	77.763	400.295	-366.707	53.113	397.478
483.630	77.765	400.294	-367.253	53.117	397.489
484.341	77.787	400.289	-367.792	53.109	397.483
485.075	77.792	400.307	-368.315	53.093	397.497
485.793	77.806	400.319	-368.850	53.094	397.474
486.528	77.798	400.338	-369.382	53.079	397.479
487.272	77.808	400.321	-369.907	53.052	397.467
488.014	77.829	400.331	-370.433	53.046	397.455
488.743	77.829	400.337	-370.970	53.040	397.435
489.470	77.856	400.344	-371.486	53.013	397.432
490.197	77.870	400.351	-372.007	52.996	397.404
490.923	77.884	400.357	-372.534	52.976	397.394
491.642	77.882	400.375	-373.048	52.942	397.392
492.366	77.930	400.382	-373.562	52.928	397.388
493.111	77.952	400.372	-374.094	52.885	397.399
493.830	77.974	400.364	-374.617	52.872	397.387
494.553	77.981	400.370	-375.132	52.844	397.386
495.295	77.981	400.387	-375.665	52.805	397.413
496.006	78.011	400.364	-376.199	52.780	397.439
496.746	78.017	400.381	-376.713	52.753	397.438
497.480	78.038	400.382	-377.241	52.730	397.446
498.213	78.072	400.384	-377.770	52.707	397.455
498.954	78.071	400.404	-378.298	52.671	397.466
499.684	78.096	400.430	-378.801	52.643	397.474
500.409	78.108	400.445	-379.315	52.635	397.474
501.126	78.142	400.443	-379.853	52.599	397.476
501.866	78.154	400.464	-380.362	52.574	397.460
502.583	78.209	400.464	-380.866	52.539	397.471
503.330	78.229	400.475	-381.389	52.504	397.465
504.047	78.249	400.476	-381.899	52.465	397.452
504.785	78.281	400.498	-382.407	52.453	397.435
505.509	78.303	400.489	-382.917	52.421	397.423
506.234	78.325	400.480	-383.425	52.382	397.409
506.965	78.345	400.488	-383.929	52.360	397.420
507.680	78.379	400.489	-384.432	52.324	397.433
508.408	78.402	400.524	-384.965	52.324	397.418
509.128	78.452	400.505	-385.490	52.288	397.431
509.863	78.497	400.530	-386.004	52.266	397.436
510.590	78.531	400.529	-386.537	52.252	397.423
511.317	78.567	400.566	-387.057	52.226	397.462
512.041	78.575	400.562	-387.571	52.197	397.469
512.762	78.616	400.556	-388.106	52.188	397.473
513.475	78.619	400.588	-388.628	52.167	397.470
514.206	78.655	400.575	-389.137	52.135	397.503
514.953	78.690	400.570	-389.656	52.128	397.498
515.661	78.738	400.563	-390.179	52.113	397.497
516.404	78.776	400.584	-390.686	52.101	397.484
517.131	78.820	400.561	-391.198	52.099	397.490
517.860	78.865	400.578	-391.711	52.077	397.497
518.573	78.897	400.589	-392.233	52.062	397.497
519.286	78.923	400.599	-392.753	52.048	397.494
520.007	78.943	400.600	-393.268	52.024	397.461
520.727	78.966	400.629	-393.789	51.989	397.462
521.463	78.993	400.637	-394.305	51.977	397.443
522.190	79.046	400.591	-394.824	51.971	397.427
522.942	79.078	400.609	-395.343	51.958	397.411
523.663	79.111	400.613	-395.859	51.953	397.392
524.398	79.150	400.624	-396.370	51.924	397.403
525.114	79.184	400.616	-396.891	51.922	397.403
525.826	79.229	400.633	-397.412	51.914	397.404
526.546	79.255	400.639	-397.924	51.898	397.415
527.251	79.288	400.639	-398.434	51.882	397.425
527.983	79.304	400.678	-398.945	51.880	397.435
528.697	79.331	400.670	-399.455	51.858	397.445
529.455	79.364	400.681	-399.961	51.844	397.438
530.186	79.408	400.655	-400.496	51.861	397.448
530.920	79.439	400.671	-401.014	51.839	397.450
531.653	79.464	400.687	-401.521	51.832	397.444
532.372	79.496	400.698	-402.039	51.844	397.445
533.098	79.526	400.726	-402.564	51.819	397.468
533.811	79.566	400.724	-403.080	51.813	397.454
534.535	79.576	400.751	-403.603	51.809	397.475
535.249	79.596	400.749	-404.123	51.807	397.479
535.979	79.610	400.794	-404.634	51.803	397.448
536.704	79.634	400.759	-405.123	51.786	397.477
537.446	79.660	400.771	-405.647	51.781	397.501
538.187	79.676	400.744	-406.156	51.784	397.468
538.915	79.688	400.752	-406.661	51.763	397.465
539.634	79.723	400.741	-407.184	51.752	397.489
540.357	79.732	400.773	-407.704	51.755	397.450
541.077	79.766	400.765	-408.221	51.746	397.455
541.794	79.783	400.783	-408.742	51.716	397.466
542.525	79.820	400.808	-409.256	51.716	397.454
543.236	79.832	400.811	-409.771	51.703	397.444
543.972	79.861	400.851	-410.284	51.683	397.479
544.686	79.876	400.830	-410.793	51.693	397.449
545.426	79.880	400.846	-411.313	51.656	397.461
546.155	79.888	400.833	-411.821	51.639	397.479
546.893	79.913	400.851	-412.333	51.639	397.467
547.622	79.927	400.840	-412.856	51.613	397.496
548.351	79.941	400.829	-413.373	51.597	397.504
549.078	79.945	400.845	-413.873	51.605	397.486
549.793	79.941	400.868	-414.409	51.578	397.524
550.517	79.952	400.882	-414.918	51.573	397.498
551.229	79.973	400.867	-415.430	51.573	397.489
551.967	80.003	400.888	-415.943	51.560	397.527
552.679	80.024	400.874	-416.460	51.562	397.491
553.406	80.047	400.903	-416.959	51.557	397.475
554.133	80.054	400.896	-417.466	51.560	397.493
554.869	80.071	400.918	-417.982	51.550	397.504
555.586	80.069	400.920	-418.480	51.545	397.487
556.317	80.074	400.929	-418.976	51.554	397.513
557.043	80.081	400.924	-419.488	51.547	397.507
557.777	80.092	400.937	-419.996	51.549	397.483
558.516	80.104	400.939	-420.507	51.541	397.476
559.249	80.115	400.953	-421.027	51.529	397.507
559.970	80.109	400.935	-421.543	51.538	397.474
560.700	80.120	400.947	-422.049	51.520	397.496
561.408	80.141	400.937	-422.562	51.526	397.491
562.125	80.152	400.945	-423.068	51.514	397.469
562.854	80.182	400.959	-423.584	51.497	397.484
563.568	80.200	400.965	-424.086	51.475	397.491
564.296	80.224	400.980	-424.584	51.469	397.478
565.010	80.229	400.987	-425.094	51.454	397.474
565.738	80.239	401.003	-425.585	51.431	397.489
566.461	80.252	401.003	-426.097	51.410	397.488
567.205	80.261	401.028	-426.594	51.411	397.475
567.937	80.281	401.022	-427.098	51.379	397.501
568.682	80.289	401.050	-427.594	51.380	397.487
569.408	80.311	401.028	-428.104	51.351	397.487
570.137	80.301	401.049	-428.609	51.333	397.513
570.858	80.312	401.052	-429.098	51.317	397.527
571.577	80.307	401.081	-429.608	51.302	397.527
572.283	80.333	401.079	-430.112	51.270	397.555
573.021	80.356	401.094	-430.603	51.246	397.527
573.736	80.383	401.083	-431.112	51.252	397.525
574.452	80.384	401.113	-431.622	51.229	397.526
575.177	80.414	401.134	-432.107	51.209	397.525
575.900	80.441	401.116	-432.589	51.184	397.506
576.636	80.445	401.131	-433.091	51.173	397.532
577.369	80.462	401.145	-433.574	51.153	397.530
578.099	80.480	401.147	-434.042	51.137	397.502
578.847	80.508	401.131	-434.540	51.128	397.510
579.561	80.527	401.125	-435.034	51.114	397.502
580.294	80.537	401.142	-435.515	51.096	397.484
581.013	80.541	401.152	-436.008	51.076	397.476
581.727	80.546	401.149	-436.490	51.051	397.460
582.446	80.583	401.161	-436.988	51.014	397.472
583.169	80.609	401.150	-437.474	50.993	397.476
583.883	80.616	401.188	-437.972	50.970	397.488
584.594	80.648	401.183	-438.460	50.933	397.510
585.322	80.659	401.190	-438.947	50.903	397.530
586.041	80.692	401.176	-439.451	50.869	397.519
586.782	80.716	401.190	-439.924	50.834	397.530
587.511	80.763	401.171	-440.422	50.804	397.544
588.245	80.789	401.168	-440.906	50.776	397.547
588.972	80.799	401.177	-441.402	50.746	397.561
589.696	80.830	401.183	-441.876	50.718	397.573
590.421	80.841	401.192	-442.367	50.684	397.569
591.133	80.878	401.197	-442.849	50.656	397.572
591.854	80.905	401.231	-443.318	50.630	397.567
592.462	80.925	401.251	-443.807	50.619	397.544
592.794	80.925	401.349	-444.292	50.595	397.565
592.912	80.900	401.447	-444.767	50.579	397.533
592.924	80.821	401.549	-445.259	50.565	397.529
592.890	80.770	401.625	-445.737	50.546	397.516
592.817	80.734	401.695	-446.224	50.534	397.493
592.739	80.712	401.749	-446.704	50.522	397.482
592.662	80.662	401.765	-447.182	50.503	397.469
592.584	80.599	401.779	-447.670	50.478	397.449
592.512	80.526	401.770	-448.154	50.476	397.456
592.450	80.484	401.725	-448.655	50.463	397.446
592.395	80.431	401.660	-449.127	50.420	397.464
592.337	80.406	401.590	-449.616	50.406	397.506
592.281	80.361	401.562	-450.099	50.371	397.516
592.225	80.324	401.534	-450.580	50.342	397.524
592.162	80.309	401.488	-451.076	50.332	397.542
592.100	80.294	401.444	-451.556	50.310	397.550
592.047	80.313	401.391	-452.032	50.285	397.586
592.006	80.345	401.345	-452.526	50.247	397.605
591.972	80.394	401.317	-453.011	50.236	397.631
591.927	80.443	401.294	-453.497	50.238	397.612
591.891	80.513	401.264	-453.979	50.222	397.622
591.852	80.567	401.260	-454.446	50.209	397.620
591.811	80.634	401.253	-454.947	50.215	397.612
591.765	80.696	401.229	-455.419	50.205	397.631
591.720	80.787	401.248	-455.905	50.200	397.613
591.680	80.873	401.244	-456.390	50.194	397.596
591.623	80.955	401.227	-456.873	50.206	397.606
591.583	81.022	401.220	-457.353	50.190	397.617
591.549	81.073	401.232	-457.840	50.198	397.601
591.523	81.146	401.233	-458.310	50.182	397.619
591.511	81.205	401.241	-458.786	50.169	397.612
591.491	81.274	401.220	-459.263	50.182	397.604
591.476	81.330	401.253	-459.736	50.158	397.581
591.460	81.377	401.246	-460.235	50.164	397.574
591.433	81.437	401.245	-460.735	50.162	397.571
591.416	81.491	401.236	-461.198	50.171	397.553
591.405	81.550	401.244	-461.683	50.172	397.538
591.400	81.592	401.231	-462.174	50.143	397.546
591.390	81.617	401.239	-462.660	50.164	397.532
591.389	81.644	401.238	-463.127	50.170	397.533
591.398	81.652	401.230	-463.616	50.147	397.541
591.405	81.674	401.220	-464.095	50.152	397.553
591.414	81.668	401.210	-464.564	50.150	397.512
591.429	81.661	401.218	-465.047	50.131	397.546
591.439	81.655	401.210	-465.522	50.124	397.543
591.454	81.635	401.217	-466.001	50.121	397.557
591.478	81.615	401.214	-466.487	50.114	397.547
591.482	81.605	401.190	-466.982	50.128	397.527
591.506	81.572	401.188	-467.457	50.128	397.523
591.522	81.545	401.196	-467.932	50.121	397.521
591.532	81.506	401.186	-468.414	50.109	397.556
591.546	81.486	401.192	-468.890	50.115	397.553
591.572	81.446	401.191	-469.367	50.098	397.569
591.581	81.428	401.182	-469.845	50.102	397.586
591.597	81.393	401.191	-470.317	50.075	397.630
591.604	81.364	401.208	-470.774	50.073	397.599
591.620	81.323	401.216	-471.253	50.067	397.632
591.636	81.296	401.224	-471.729	50.044	397.649
591.646	81.264	401.215	-472.198	50.046	397.628
591.652	81.222	401.230	-472.661	50.045	397.633
591.643	81.181	401.238	-473.139	50.035	397.652
591.643	81.154	401.237	-473.613	50.027	397.653
591.650	81.126	401.254	-474.084	50.022	397.635
591.645	81.101	401.236	-474.550	50.005	397.662
591.643	81.058	401.263	-475.013	50.004	397.669
591.638	81.040	401.246	-475.469	50.001	397.639
591.625	81.007	401.239	-475.933	49.979	397.651
591.625	80.980	401.238	-476.388	49.961	397.686
591.617	80.952	401.248	-476.844	49.951	397.658
591.610	80.917	401.259	-477.300	49.942	397.630
591.611	80.897	401.259	-477.769	49.921	397.677
591.597	80.858	401.251	-478.224	49.898	397.651
591.585	80.832	401.247	-478.668	49.888	397.629
591.563	80.778	401.249	-479.128	49.848	397.625
591.556	80.749	401.259	-479.580	49.819	397.645
591.552	80.725	401.244	-480.039	49.827	397.636
591.524	80.706	401.229	-480.473	49.805	397.609
591.510	80.693	401.223	-480.915	49.775	397.638
591.487	80.679	401.225	-481.345	49.747	397.658
591.464	80.658	401.227	-481.779	49.745	397.630
591.436	80.646	401.214	-482.204	49.713	397.630
591.399	80.640	401.208	-482.617	49.691	397.667
591.351	80.639	401.210	-483.023	49.678	397.682
591.318	80.630	401.221	-483.400	49.673	397.656
591.266	80.631	401.209	-483.775	49.654	397.678
591.215	80.618	401.198	-484.136	49.638	397.688
591.145	80.616	401.204	-484.491	49.634	397.662
591.073	80.622	401.207	-484.818	49.622	397.660
590.988	80.621	401.204	-485.140	49.606	397.638
590.894	80.618	401.213	-485.447	49.565	397.656
590.801	80.609	401.220	-485.757	49.536	397.690
590.692	80.607	401.220	-486.051	49.524	397.692
590.589	80.615	401.197	-486.319	49.490	397.677
590.470	80.626	401.205	-486.568	49.455	397.678
590.323	80.637	401.199	-486.805	49.436	397.667
590.161	80.657	401.186	-487.034	49.387	397.685
589.996	80.659	401.197	-487.252	49.360	397.691
589.840	80.676	401.201	-487.448	49.334	397.695
589.655	80.701	401.191	-487.630	49.304	397.688
589.457	80.709	401.214	-487.790	49.269	397.680
589.231	80.717	401.224	-487.960	49.220	397.666
589.027	80.731	401.191	-488.113	49.182	397.683
588.781	80.756	401.178	-488.237	49.146	397.646
588.531	80.764	401.190	-488.348	49.102	397.677
588.291	80.773	401.193	-488.454	49.063	397.672
588.035	80.789	401.188	-488.555	49.047	397.693
587.744	80.794	401.221	-488.652	49.014	397.697
587.465	80.808	401.179	-488.718	48.996	397.704
587.180	80.826	401.161	-488.783	48.978	397.712
586.875	80.824	401.186	-488.843	48.964	397.683
586.582	80.848	401.177	-488.886	48.961	397.687
586.246	80.848	401.187	-488.925	48.928	397.722
585.928	80.870	401.179	-488.946	48.919	397.724
585.598	80.873	401.166	-488.964	48.941	397.705
585.261	80.887	401.176	-488.989	48.910	397.728
584.922	80.895	401.173	-488.983	48.928	397.690
584.563	80.901	401.186	-489.000	48.917	397.721
584.231	80.918	401.171	-488.990	48.916	397.729
583.862	80.916	401.192	-488.986	48.932	397.708
583.519	80.936	401.146	-488.984	48.955	397.688
583.146	80.943	401.153	-488.972	48.964	397.678
582.795	80.957	401.157	-488.963	48.977	397.685
582.432	80.958	401.156	-488.954	48.983	397.694
582.062	80.961	401.138	-488.945	48.976	397.703
581.706	80.970	401.127	-488.944	49.012	397.684
581.347	80.969	401.140	-488.926	49.031	397.698
580.993	80.964	401.132	-488.900	49.036	397.677
580.614	80.966	401.124	-488.893	49.068	397.685
580.274	80.974	401.122	-488.888	49.085	397.711
579.897	80.950	401.156	-488.862	49.131	397.684
579.561	80.961	401.130	-488.855	49.123	397.696
579.186	80.947	401.136	-488.835	49.190	397.705
578.842	80.950	401.120	-488.834	49.213	397.686
578.488	80.934	401.151	-488.814	49.221	397.686
578.133	80.929	401.142	-488.791	49.256	397.680
577.768	80.923	401.142	-488.793	49.276	397.679
577.412	80.925	401.132	-488.775	49.302	397.695
577.078	80.904	401.148	-488.778	49.329	397.695
576.715	80.909	401.121	-488.755	49.364	397.689
576.368	80.899	401.102	-488.751	49.395	397.715
576.000	80.856	401.126	-488.751	49.438	397.696
575.664	80.860	401.103	-488.733	49.463	397.711
575.298	80.848	401.101	-488.725	49.483	397.719
574.952	80.844	401.086	-488.712	49.514	397.690
574.578	80.824	401.095	-488.694	49.527	397.706
574.243	80.809	401.110	-488.697	49.560	397.707
573.871	80.805	401.094	-488.682	49.585	397.677
573.516	80.780	401.086	-488.663	49.618	397.690
573.159	80.782	401.078	-488.666	49.638	397.691
572.791	80.739	401.105	-488.655	49.667	397.680
572.436	80.721	401.098	-488.643	49.689	397.669
572.055	80.709	401.091	-488.636	49.702	397.678
571.723	80.698	401.083	-488.614	49.724	397.674
571.350	80.663	401.095	-488.606	49.736	397.683
571.003	80.659	401.079	-488.599	49.755	397.693
570.637	80.640	401.080	-488.587	49.764	397.681
570.291	80.622	401.067	-488.578	49.770	397.690
569.944	80.598	401.052	-488.573	49.774	397.717
569.593	80.565	401.060	-488.559	49.769	397.706
569.236	80.540	401.052	-488.550	49.782	397.714
568.887	80.492	401.063	-488.535	49.780	397.686
568.548	80.490	401.039	-488.536	49.787	397.686
568.167	80.464	401.034	-488.519	49.783	397.720
567.841	80.450	401.044	-488.512	49.775	397.683
567.460	80.418	401.039	-488.502	49.768	397.691
567.105	80.392	401.035	-488.505	49.766	397.709
566.738	80.366	401.037	-488.501	49.762	397.690
566.383	80.320	401.033	-488.500	49.748	397.691
566.027	80.295	401.028	-488.490	49.748	397.697
565.660	80.282	401.031	-488.488	49.728	397.698
565.303	80.261	400.988	-488.485	49.717	397.679
564.952	80.220	400.999	-488.480	49.713	397.660
564.604	80.222	400.986	-488.495	49.681	397.691
564.248	80.177	400.981	-488.481	49.664	397.680
563.911	80.160	400.961	-488.480	49.643	397.681
563.554	80.101	400.955	-488.478	49.630	397.680
563.197	80.076	400.951	-488.477	49.617	397.680
562.845	80.048	400.962	-488.487	49.590	397.675
562.493	80.032	400.936	-488.479	49.574	397.701
562.132	80.008	400.919	-488.477	49.554	397.701
561.779	79.981	400.929	-488.473	49.543	397.683
561.413	79.967	400.936	-488.481	49.530	397.674
561.056	79.928	400.933	-488.484	49.507	397.694
560.700	79.895	400.931	-488.479	49.490	397.676
560.338	79.873	400.951	-488.478	49.470	397.676
559.976	79.862	400.934	-488.466	49.443	397.684
559.620	79.836	400.933	-488.466	49.443	397.684
559.259	79.820	400.956	-488.462	49.405	397.668
558.916	79.807	400.959	-488.460	49.398	397.666
558.566	79.803	400.946	-488.461	49.391	397.667
558.209	79.783	400.946	-488.451	49.378	397.676
557.866	79.770	400.950	-488.439	49.343	397.685
557.511	79.774	400.924	-488.425	49.326	397.675
557.159	79.739	400.937	-488.428	49.316	397.693
556.815	79.733	400.941	-488.415	49.298	397.684
556.456	79.707	400.938	-488.414	49.298	397.683
556.098	79.701	400.936	-488.410	49.281	397.666
555.748	79.690	400.925	-488.409	49.261	397.666
555.404	79.690	400.929	-488.408	49.247	397.667
555.055	79.692	400.920	-488.408	49.240	397.668
554.696	79.679	400.918	-488.397	49.227	397.675
554.353	79.685	400.925	-488.393	49.216	397.657
553.995	79.666	400.925	-488.392	49.203	397.656
553.639	79.683	400.900	-488.391	49.182	397.658
553.285	79.668	400.912	-488.390	49.176	397.657
552.928	79.668	400.915	-488.390	49.183	397.656
552.569	79.656	400.914	-488.387	49.172	397.640
552.218	79.664	400.904	-488.381	49.148	397.668
551.858	79.658	400.902	-488.376	49.165	397.646
551.494	79.640	400.887	-488.376	49.158	397.647
551.140	79.645	400.903	-488.373	49.154	397.629
550.785	79.642	400.879	-488.374	49.147	397.630
550.426	79.656	400.880	-488.357	49.136	397.665
550.061	79.645	400.864	-488.358	49.157	397.663
549.711	79.653	400.857	-488.355	49.153	397.646
549.366	79.653	400.863	-488.355	49.146	397.647
549.001	79.648	400.849	-488.342	49.155	397.635
548.651	79.649	400.842	-488.336	49.152	397.662
548.307	79.642	400.849	-488.333	49.168	397.643
547.953	79.654	400.866	-488.335	49.160	397.645
547.595	79.651	400.841	-488.333	49.181	397.641
547.243	79.649	400.861	-488.325	49.201	397.649
546.906	79.650	400.859	-488.316	49.193	397.658
546.546	79.650	400.860	-488.312	49.203	397.638
546.194	79.665	400.851	-488.307	49.220	397.665
545.834	79.659	400.853	-488.305	49.222	397.648
545.498	79.666	400.852	-488.296	49.229	397.655
545.145	79.675	400.843	-488.298	49.235	397.657
544.780	79.690	400.830	-488.284	49.258	397.643
544.441	79.684	400.826	-488.279	49.268	397.669
544.072	79.676	400.838	-488.276	49.270	397.652
543.736	79.670	400.838	-488.280	49.288	397.669
543.363	79.674	400.807	-488.268	49.297	397.659
543.018	79.674	400.817	-488.259	49.310	397.667
542.672	79.660	400.826	-488.260	49.323	397.666
542.309	79.671	400.789	-488.261	49.343	397.666
541.958	79.666	400.783	-488.252	49.350	397.673
541.598	79.672	400.786	-488.241	49.365	397.664
541.261	79.666	400.787	-488.244	49.382	397.681
540.881	79.668	400.770	-488.235	49.409	397.686
540.549	79.665	400.748	-488.249	49.427	397.696
540.184	79.668	400.775	-488.238	49.449	397.686
539.833	79.656	400.771	-488.225	49.451	397.675
539.476	79.665	400.750	-488.227	49.478	397.674
539.122	79.656	400.772	-488.222	49.488	397.702
538.776	79.662	400.782	-488.210	49.511	397.690
538.414	79.662	400.786	-488.212	49.537	397.690
538.066	79.659	400.757	-488.202	49.523	397.699
537.701	79.656	400.786	-488.194	49.557	397.705
537.359	79.651	400.772	-488.182	49.586	397.693
536.995	79.641	400.802	-488.184	49.606	397.693
536.637	79.637	400.783	-488.171	49.608	397.682
536.299	79.631	400.783	-488.177	49.625	397.702
535.935	79.627	400.814	-488.162	49.643	397.672
535.596	79.625	400.777	-488.152	49.650	397.680
535.219	79.626	400.775	-488.154	49.663	397.680
534.884	79.623	400.751	-488.144	49.662	397.689
534.530	79.607	400.774	-488.146	49.682	397.689
534.182	79.610	400.747	-488.135	49.698	397.679
533.820	79.596	400.753	-488.142	49.707	397.652
533.475	79.575	400.766	-488.118	49.694	397.713
533.140	79.565	400.743	-488.112	49.713	397.674
532.758	79.540	400.727	-488.117	49.710	397.695
532.439	79.529	400.712	-488.117	49.724	397.694
532.068	79.507	400.727	-488.111	49.722	397.658
531.720	79.497	400.701	-488.111	49.722	397.658
531.362	79.473	400.684	-488.101	49.728	397.665
531.017	79.458	400.698	-488.102	49.721	397.666
530.664	79.445	400.695	-488.101	49.728	397.665
530.306	79.434	400.678	-488.088	49.717	397.655
529.948	79.423	400.662	-488.098	49.724	397.647
529.578	79.394	400.679	-488.097	49.711	397.646
529.243	79.383	400.658	-488.100	49.695	397.667
528.867	79.363	400.660	-488.086	49.704	397.654
528.516	79.336	400.661	-488.096	49.691	397.648
528.169	79.321	400.674	-488.095	49.677	397.647
527.802	79.302	400.668	-488.085	49.663	397.656
527.467	79.298	400.648	-488.077	49.640	397.683
527.098	79.268	400.668	-488.076	49.627	397.684
526.770	79.263	400.665	-488.081	49.624	397.655
526.403	79.230	400.658	-488.087	49.591	397.695
526.069	79.219	400.640	-488.076	49.584	397.701
525.713	79.169	400.664	-488.071	49.560	397.684
525.363	79.159	400.638	-488.073	49.558	397.701
525.020	79.127	400.630	-488.069	49.540	397.682
524.652	79.108	400.623	-488.070	49.518	397.701
524.323	79.089	400.620	-488.066	49.500	397.683
523.958	79.044	400.654	-488.058	49.491	397.708
523.627	79.050	400.612	-488.063	49.467	397.682
523.265	79.022	400.622	-488.056	49.443	397.711
522.927	79.001	400.629	-488.054	49.437	397.709
522.565	78.979	400.639	-488.054	49.430	397.710
522.197	78.946	400.633	-488.060	49.413	397.684
521.859	78.932	400.641	-488.059	49.393	397.685
521.487	78.910	400.660	-488.048	49.386	397.692
521.148	78.900	400.630	-488.048	49.372	397.693
520.769	78.879	400.632	-488.058	49.366	397.686
520.441	78.866	400.633	-488.047	49.346	397.694
520.087	78.853	400.634	-488.047	49.339	397.695
519.719	78.833	400.630	-488.034	49.327	397.685
519.385	78.822	400.615	-488.043	49.335	397.676
519.027	78.778	400.640	-488.032	49.314	397.684
518.686	78.762	400.608	-488.045	49.305	397.696
518.302	78.743	400.597	-488.030	49.308	397.682
517.982	78.731	400.588	-488.031	49.287	397.686
517.625	78.701	400.615	-488.031	49.294	397.685
517.274	78.684	400.591	-488.018	49.276	397.676
516.929	78.665	400.585	-488.030	49.274	397.686
516.566	78.643	400.596	-488.029	49.267	397.686
516.231	78.645	400.583	-488.027	49.276	397.668
515.860	78.626	400.577	-488.027	49.270	397.669
515.526	78.601	400.563	-488.028	49.263	397.670
515.153	78.584	400.584	-488.028	49.263	397.670
514.808	78.572	400.578	-488.040	49.261	397.680
514.456	78.568	400.557	-488.030	49.260	397.687
514.093	78.539	400.570	-488.017	49.256	397.677
513.764	78.532	400.572	-488.019	49.255	397.679
513.400	78.511	400.584	-488.027	49.270	397.669
513.058	78.521	400.555	-488.028	49.269	397.670
512.703	78.514	400.558	-488.016	49.271	397.660
512.356	78.498	400.580	-488.006	49.264	397.667
512.003	78.494	400.558	-488.005	49.271	397.666
511.633	78.474	400.556	-488.016	49.271	397.660
511.313	78.475	400.550	-487.993	49.287	397.655
510.949	78.439	400.563	-487.998	49.284	397.675
510.606	78.450	400.533	-487.998	49.284	397.675
510.234	78.443	400.529	-487.995	49.300	397.656
509.888	78.437	400.525	-487.999	49.318	397.673
509.550	78.439	400.511	-487.986	49.320	397.663
509.181	78.412	400.510	-487.990	49.331	397.681
508.838	78.429	400.482	-487.987	49.333	397.662
508.485	78.403	400.526	-487.988	49.333	397.664
508.157	78.413	400.505	-487.982	49.364	397.688
507.787	78.399	400.504	-487.979	49.359	397.671
507.449	78.401	400.490	-487.980	49.366	397.671
507.103	78.402	400.488	-487.972	49.372	397.680
506.746	78.377	400.519	-487.964	49.396	397.702
506.402	78.408	400.491	-487.963	49.405	397.686
506.046	78.387	400.497	-487.964	49.419	397.685
505.705	78.399	400.509	-487.968	49.429	397.703
505.338	78.374	400.486	-487.958	49.429	397.711
504.983	78.373	400.493	-487.959	49.456	397.710
504.636	78.387	400.491	-487.950	49.462	397.717
504.287	78.371	400.513	-487.951	49.455	397.720
503.943	78.394	400.487	-487.948	49.485	397.698
503.581	78.381	400.479	-487.952	49.496	397.716
503.241	78.386	400.493	-487.943	49.509	397.724
502.895	78.373	400.491	-487.938	49.541	397.685
502.532	78.380	400.483	-487.929	49.527	397.696
502.185	78.387	400.481	-487.932	49.551	397.712
501.839	78.367	400.480	-487.921	49.553	397.703
501.492	78.381	400.479	-487.921	49.553	397.703
501.131	78.385	400.445	-487.922	49.560	397.703
500.790	78.397	400.459	-487.912	49.579	397.710
500.429	78.383	400.453	-487.919	49.589	397.683
500.084	78.387	400.427	-487.921	49.616	397.682
499.736	78.407	400.425	-487.911	49.595	397.692
499.389	78.380	400.424	-487.908	49.611	397.672
499.043	78.393	400.426	-487.899	49.631	397.679
498.679	78.374	400.417	-487.909	49.625	397.672
498.323	78.372	400.427	-487.909	49.625	397.672
497.986	78.360	400.418	-487.913	49.649	397.689
497.633	78.348	400.402	-487.910	49.659	397.670
497.286	78.355	400.404	-487.907	49.654	397.652
496.935	78.331	400.427	-487.911	49.638	397.673
496.591	78.348	400.403	-487.907	49.661	397.651
496.243	78.334	400.403	-487.907	49.668	397.651
495.889	78.336	400.387	-487.900	49.645	397.678
495.542	78.335	400.388	-487.901	49.638	397.681
495.195	78.308	400.389	-487.888	49.647	397.669
494.846	78.308	400.389	-487.887	49.654	397.667
494.500	78.305	400.363	-487.888	49.647	397.669
494.151	78.301	400.391	-487.888	49.633	397.670
493.803	78.287	400.392	-487.878	49.639	397.677
493.448	78.296	400.376	-487.877	49.633	397.677
493.100	78.302	400.377	-487.868	49.625	397.686
492.752	78.275	400.378	-487.868	49.619	397.687
492.397	78.273	400.392	-487.857	49.612	397.693
492.050	78.282	400.367	-487.855	49.621	397.675
491.693	78.281	400.378	-487.853	49.608	397.674
491.346	78.273	400.382	-487.853	49.608	397.674
491.000	78.276	400.358	-487.846	49.591	397.702
490.641	78.285	400.332	-487.842	49.580	397.684
490.300	78.263	400.350	-487.834	49.578	397.707
489.938	78.256	400.348	-487.831	49.573	397.690
489.589	78.249	400.349	-487.823	49.557	397.716
489.241	78.248	400.353	-487.829	49.560	397.689
488.895	78.227	400.358	-487.818	49.567	397.695
488.555	78.214	400.350	-487.812	49.543	397.723
488.186	78.215	400.334	-487.822	49.530	397.717
487.853	78.194	400.341	-487.818	49.526	397.698
487.490	78.167	400.339	-487.808	49.533	397.705
487.141	78.147	400.341	-487.811	49.516	397.724
486.786	78.134	400.329	-487.805	49.515	397.688
486.445	78.118	400.348	-487.808	49.526	397.706
486.107	78.102	400.317	-487.808	49.512	397.707
485.744	78.095	400.315	-487.808	49.505	397.708
485.413	78.077	400.299	-487.808	49.505	397.708
485.057	78.047	400.314	-487.805	49.494	397.691
484.716	78.035	400.306	-487.808	49.499	397.709
484.362	78.015	400.296	-487.805	49.494	397.691
484.005	77.993	400.310	-487.804	49.474	397.691
483.675	77.974	400.296	-487.805	49.488	397.691
483.317	77.965	400.311	-487.795	49.474	397.700
482.983	77.957	400.321	-487.795	49.467	397.701
482.624	77.933	400.297	-487.794	49.460	397.700
482.277	77.925	400.304	-487.795	49.460	397.702
481.936	77.905	400.298	-487.785	49.453	397.710
481.578	77.896	400.313	-487.781	49.462	397.690
481.242	77.879	400.285	-487.781	49.435	397.692
480.883	77.846	400.326	-487.781	49.449	397.690
480.534	77.849	400.304	-487.784	49.453	397.708
480.178	77.829	400.294	-487.772	49.455	397.699
479.815	77.788	400.295	-487.768	49.458	397.679
479.492	77.785	400.270	-487.781	49.462	397.690
479.125	77.760	400.296	-487.782	49.449	397.692
478.788	77.750	400.267	-487.769	49.437	397.682
478.438	77.729	400.272	-487.759	49.444	397.689
478.098	77.709	400.269	-487.768	49.451	397.680
477.751	77.684	400.250	-487.759	49.437	397.690
477.379	77.648	400.262	-487.748	49.443	397.696
477.047	77.643	400.249	-487.750	49.443	397.697
476.690	77.620	400.266	-487.750	49.443	397.697
476.348	77.613	400.262	-487.739	49.443	397.704
475.988	77.595	400.241	-487.740	49.443	397.706
475.630	77.585	400.259	-487.747	49.439	397.680
475.301	77.583	400.222	-487.730	49.436	397.713
474.934	77.559	400.249	-487.736	49.432	397.687
474.607	77.543	400.215	-487.731	49.442	397.714
474.248	77.526	400.232	-487.718	49.431	397.704
473.899	77.505	400.240	-487.727	49.431	397.696
473.561	77.494	400.213	-487.718	49.424	397.705
473.189	77.464	400.228	-487.709	49.444	397.711
472.867	77.447	400.207	-487.708	49.430	397.712
472.492	77.418	400.218	-487.698	49.423	397.720
472.161	77.405	400.208	-487.705	49.440	397.692
471.806	77.385	400.202	-487.709	49.444	397.711
471.455	77.370	400.210	-487.695	49.446	397.699
471.129	77.360	400.178	-487.695	49.446	397.699
470.770	77.324	400.196	-487.686	49.446	397.708
470.429	77.317	400.195	-487.673	49.448	397.697
470.079	77.281	400.203	-487.683	49.462	397.688
469.718	77.263	400.185	-487.678	49.465	397.716
469.387	77.250	400.176	-487.674	49.461	397.697
469.023	77.231	400.218	-487.667	49.465	397.722
468.695	77.221	400.184	-487.665	49.474	397.704
468.330	77.213	400.189	-487.665	49.488	397.704
467.989	77.212	400.190	-487.652	49.483	397.693
467.657	77.206	400.181	-487.645	49.487	397.718
467.283	77.183	400.196	-487.646	49.480	397.720
466.969	77.193	400.168	-487.644	49.503	397.701
466.601	77.175	400.198	-487.633	49.502	397.707
466.267	77.183	400.188	-487.635	49.522	397.707
465.919	77.171	400.174	-487.625	49.522	397.715
465.553	77.156	400.179	-487.626	49.515	397.716
465.239	77.166	400.152	-487.624	49.531	397.699
464.863	77.150	400.166	-487.623	49.531	397.697
464.527	77.148	400.118	-487.624	49.531	397.699
464.181	77.132	400.142	-487.626	49.551	397.698
463.815	77.103	400.148	-487.617	49.544	397.708
463.486	77.113	400.117	-487.604	49.553	397.696
463.118	77.098	400.121	-487.604	49.546	397.697
462.801	77.099	400.119	-487.605	49.545	397.699
462.451	77.076	400.131	-487.592	49.554	397.687
462.096	77.086	400.104	-487.592	49.561	397.686
461.757	77.088	400.082	-487.592	49.568	397.685
461.402	77.069	400.116	-487.592	49.568	397.685
461.083	77.074	400.077	-487.585	49.565	397.712
460.715	77.072	400.084	-487.572	49.567	397.700
460.374	77.065	400.086	-487.576	49.571	397.719
460.039	77.065	400.079	-487.563	49.580	397.708
459.665	77.042	400.097	-487.551	49.569	397.699
459.345	77.060	400.057	-487.559	49.576	397.688
458.980	77.033	400.102	-487.550	49.569	397.698
458.647	77.033	400.096	-487.540	49.555	397.707
458.293	77.036	400.071	-487.541	49.582	397.705
457.946	77.025	400.097	-487.541	49.568	397.707
457.624	77.047	400.084	-487.533	49.566	397.731
457.247	77.037	400.101	-487.539	49.569	397.704
456.924	77.031	400.087	-487.530	49.568	397.713
456.581	77.037	400.091	-487.529	49.555	397.713
456.228	77.048	400.103	-487.527	49.571	397.694
455.903	77.063	400.088	-487.516	49.550	397.702
455.530	77.049	400.082	-487.516	49.537	397.704
455.211	77.063	400.082	-487.505	49.543	397.710
